# Blender 4.5.3 LTS
# www.blender.org
mtllib cofre.mtl
o Body_Cube.002
v 0.082252 0.284602 -4.274782
v 0.332760 0.270595 -4.235867
v 0.083516 0.282545 -4.291884
v 0.334641 0.268548 -4.252880
v -0.082252 0.284602 -4.274782
v 0.000000 0.284602 -4.274782
v 0.020563 0.284602 -4.274781
v 0.041126 0.284602 -4.274782
v 0.061689 0.284602 -4.274781
v 0.083200 0.283059 -4.287609
v 0.082884 0.283574 -4.283333
v 0.082568 0.284088 -4.279058
v 0.333230 0.270083 -4.240120
v 0.333700 0.269572 -4.244372
v 0.334170 0.269060 -4.248627
v 0.085671 0.307794 -4.339478
v 0.084593 0.295170 -4.315681
v 0.338959 0.280993 -4.276173
v 0.343276 0.293437 -4.299466
v 0.347594 0.305881 -4.322759
v 0.345641 0.308007 -4.305086
v 0.341347 0.295536 -4.282013
v 0.337054 0.283065 -4.258940
v -0.020563 0.284602 -4.274782
v -0.041126 0.284602 -4.274782
v -0.061689 0.284602 -4.274781
v -0.083313 0.297254 -4.298357
v -0.084374 0.309905 -4.321932
v 0.282383 0.309515 -4.332887
v 1.596316 0.607180 -1.586879
v 0.780034 0.619919 -1.967386
v 1.266017 0.624443 -1.783923
v 0.436252 0.645291 -1.965043
v 1.587877 0.367040 -3.853469
v 1.273288 0.422797 -3.832459
v 1.023449 0.415977 -3.958210
v 0.534875 0.425101 -4.049821
v 0.291841 0.432732 -4.084958
v 1.535781 0.518107 -3.087836
v 1.576298 0.566745 -2.269337
v 0.582897 0.628620 -2.063104
v 1.033150 0.613951 -2.035427
v 0.265875 0.648041 -2.061472
v 1.432321 0.403942 -3.797879
v 1.756476 0.422553 -3.476453
v 1.457782 0.470336 -3.490465
v 1.555495 0.544850 -2.673854
v 1.740993 0.589162 -1.567553
v 1.278684 0.553366 -2.872904
v 0.769697 0.559253 -2.886106
v 0.763022 0.434794 -3.952242
v 0.444669 0.581101 -2.896183
v 0.432148 0.443414 -4.012681
v 0.171947 0.450161 -4.029013
v 1.712095 0.486991 -3.064879
v 1.596604 0.590974 -1.911311
v 1.723996 0.537679 -2.217924
v 1.738280 0.569460 -1.847689
v 0.280505 0.585207 -2.898362
v 0.580902 0.569937 -2.894788
v 1.052323 0.557236 -2.850632
v 1.631050 0.445088 -3.469359
v 1.720737 0.512919 -2.637766
v 1.379760 0.609069 -2.038012
v 1.384254 0.590084 -2.316922
v 1.369632 0.568900 -2.625683
v 1.333675 0.527409 -3.150044
v 1.205372 0.486297 -3.522830
v 0.537436 0.504220 -3.610593
v 0.688455 0.498000 -3.591727
v 0.243500 0.513644 -3.626207
v 0.399808 0.510797 -3.619880
v 0.928967 0.494694 -3.549405
v 1.330922 0.302111 -4.126783
v -1.596316 0.607180 -1.586879
v 0.000000 0.651451 -1.965492
v -0.780034 0.619919 -1.967386
v -1.266017 0.624443 -1.783923
v -0.436252 0.645291 -1.965043
v -1.587877 0.367040 -3.853468
v -1.273288 0.422797 -3.832459
v -1.023449 0.415977 -3.958211
v -0.534875 0.425101 -4.049821
v -0.291841 0.432732 -4.084958
v 0.000000 0.435975 -4.093089
v -1.535781 0.518107 -3.087835
v -1.576297 0.566744 -2.269337
v -0.582897 0.628620 -2.063104
v -1.033150 0.613951 -2.035427
v -0.265875 0.648041 -2.061472
v -1.432321 0.403942 -3.797879
v -1.756476 0.422553 -3.476453
v -1.457781 0.470336 -3.490465
v -1.555495 0.544850 -2.673854
v -1.740993 0.589162 -1.567553
v -1.278684 0.553366 -2.872904
v -0.769697 0.559253 -2.886105
v -0.763022 0.434794 -3.952241
v -0.444669 0.581101 -2.896183
v -0.432148 0.443414 -4.012681
v 0.000000 0.586591 -2.901356
v -0.171947 0.450161 -4.029013
v -1.712095 0.486991 -3.064879
v -1.596604 0.590974 -1.911311
v -1.723996 0.537679 -2.217924
v -1.738280 0.569460 -1.847689
v -0.280505 0.585207 -2.898362
v -0.580902 0.569937 -2.894787
v -1.052323 0.557236 -2.850632
v -1.631050 0.445088 -3.469359
v -1.720737 0.512919 -2.637766
v -1.379760 0.609069 -2.038012
v -1.384254 0.590084 -2.316922
v -1.369632 0.568900 -2.625684
v -1.333675 0.527409 -3.150044
v -1.205372 0.486297 -3.522830
v -0.537436 0.504220 -3.610593
v -0.688455 0.498000 -3.591727
v -0.243500 0.513644 -3.626207
v 0.000000 0.514211 -3.635571
v -0.399808 0.510797 -3.619881
v -0.928967 0.494694 -3.549405
v -1.330922 0.302111 -4.126783
v 0.607801 0.628145 -2.019619
v 0.650596 0.625765 -1.986165
v 0.709787 0.622576 -1.972229
v 1.658492 0.343817 -3.867069
v 1.068045 0.617071 -1.984052
v 1.121957 0.620279 -1.923637
v 1.188660 0.623200 -1.854722
v 0.293243 0.649677 -2.013073
v 0.334613 0.649463 -1.978660
v 0.384292 0.647833 -1.965963
v 1.441306 0.398331 -3.818555
v 1.468216 0.390724 -3.837918
v 1.520268 0.381337 -3.847273
v 0.000000 0.413489 -4.171900
v 0.000000 0.385722 -4.241564
v 0.000000 0.348815 -4.306900
v 0.699511 0.608999 -1.833526
v 0.507430 0.403841 -4.129004
v 0.487293 0.377759 -4.199165
v 0.474978 0.343397 -4.266184
v 0.255072 0.410776 -4.164828
v 0.219533 0.383806 -4.234915
v 0.191195 0.347850 -4.300669
v 1.209028 0.615188 -1.732922
v 1.515005 0.602743 -1.548748
v 1.786677 0.425382 -3.420591
v 1.819388 0.432290 -3.328490
v 1.368966 0.319264 -4.081885
v 1.430305 0.338350 -4.018395
v 1.507254 0.353617 -3.943743
v 0.588591 0.297113 -4.317169
v 0.993213 0.393318 -4.037872
v 0.971217 0.366164 -4.110237
v 0.956560 0.332698 -4.182624
v 1.405794 0.457276 -3.595941
v 1.349466 0.444446 -3.695327
v 1.301773 0.432215 -3.778492
v 1.549268 0.539511 -2.778908
v 1.543632 0.533630 -2.883281
v 1.539654 0.526637 -2.986392
v 1.603614 0.604838 -1.564761
v 0.000000 0.649700 -1.866300
v 0.000000 0.638671 -1.836910
v 0.775948 0.624218 -1.864096
v 0.768063 0.622341 -1.827842
v 0.424942 0.644265 -1.865960
v 0.411023 0.634774 -1.836037
v 1.242344 0.624806 -1.743427
v 1.226145 0.621944 -1.743227
v 1.752893 0.587203 -1.547697
v 1.769156 0.583827 -1.522921
v 1.159553 0.470951 -3.641804
v 1.110757 0.454321 -3.756956
v 1.063787 0.436099 -3.863890
v 0.651412 0.481479 -3.724794
v 0.610627 0.463722 -3.846695
v 0.570361 0.444879 -3.955637
v 0.716206 0.429868 -3.983695
v 0.655334 0.425260 -4.016159
v 0.592802 0.424001 -4.037436
v 0.379116 0.492620 -3.755612
v 0.354267 0.473435 -3.879447
v 0.325198 0.453415 -3.989768
v 0.406197 0.438750 -4.039286
v 0.370532 0.434242 -4.065063
v 0.331855 0.432455 -4.079353
v 0.000000 0.495970 -3.770581
v 0.000000 0.476849 -3.892306
v 0.000000 0.456851 -4.000043
v 0.139760 0.444449 -4.056052
v 0.095998 0.439093 -4.079609
v 0.048687 0.436517 -4.090738
v 1.672787 0.494114 -3.069241
v 1.631571 0.502404 -3.074155
v 1.586538 0.510766 -3.080169
v 1.593949 0.584714 -2.003340
v 1.588896 0.578577 -2.091435
v 1.582620 0.572582 -2.178975
v 1.692709 0.543147 -2.230423
v 1.659092 0.550239 -2.243074
v 1.621003 0.558317 -2.256003
v 0.484556 0.642135 -1.967473
v 0.526497 0.638242 -1.981766
v 0.560330 0.633451 -2.017401
v 0.854522 0.618665 -1.962802
v 0.926185 0.617852 -1.968420
v 0.988528 0.616261 -1.995611
v 0.086319 0.651553 -1.966815
v 0.164111 0.651443 -1.979399
v 0.225965 0.650423 -2.013438
v 1.292171 0.415335 -3.844805
v 1.330611 0.407652 -3.845247
v 1.385015 0.404234 -3.824237
v 1.659457 0.381371 -3.745503
v 1.713120 0.396697 -3.635031
v 1.743707 0.411844 -3.539911
v 1.529505 0.507801 -3.187574
v 1.517099 0.496070 -3.286868
v 1.494535 0.483415 -3.387304
v 1.570814 0.561076 -2.365076
v 1.565895 0.555556 -2.465452
v 1.560977 0.550157 -2.568899
v 1.653940 0.601838 -1.565460
v 1.696246 0.597005 -1.556239
v 1.724970 0.592568 -1.558593
v 1.350545 0.567736 -2.656902
v 1.325195 0.564654 -2.712348
v 1.299169 0.558893 -2.797455
v 0.781763 0.609378 -2.147247
v 0.780982 0.594311 -2.380895
v 0.777144 0.576882 -2.637469
v 0.933037 0.417655 -3.976455
v 0.851806 0.421905 -3.981572
v 0.794104 0.428659 -3.970077
v 0.443773 0.636834 -2.144443
v 0.447494 0.621213 -2.380778
v 0.447699 0.601584 -2.642030
v 0.487175 0.427218 -4.056383
v 0.454091 0.431139 -4.052536
v 0.437674 0.437475 -4.034550
v 0.000000 0.643252 -2.145268
v 0.000000 0.627554 -2.382359
v 0.000000 0.607590 -2.644982
v 0.252076 0.434177 -4.085336
v 0.216478 0.437675 -4.076425
v 0.188870 0.443868 -4.054718
v 1.822135 0.471031 -3.055957
v 1.788022 0.476907 -3.057490
v 1.750828 0.481664 -3.060753
v 1.593859 0.606219 -1.641367
v 1.594591 0.602579 -1.720762
v 1.596257 0.597188 -1.814323
v 1.784642 0.531629 -2.193231
v 1.754658 0.534155 -2.205495
v 1.741432 0.576575 -1.757103
v 1.743093 0.582510 -1.674006
v 1.742644 0.586835 -1.607341
v 1.726896 0.545339 -2.121939
v 1.730534 0.553448 -2.029344
v 1.734475 0.561618 -1.938480
v 1.762320 0.565451 -1.832308
v 1.783924 0.561816 -1.816663
v 1.643778 0.584642 -1.892430
v 1.681360 0.578988 -1.876507
v 1.711983 0.573949 -1.862081
v 0.285229 0.605961 -2.645562
v 0.285276 0.625234 -2.400021
v 0.277752 0.639687 -2.201170
v 0.256984 0.531044 -3.478126
v 0.266966 0.548209 -3.312102
v 0.274466 0.565981 -3.121168
v 0.323791 0.584596 -2.897755
v 0.366179 0.583819 -2.897172
v 0.406771 0.582709 -2.896640
v 0.070126 0.586472 -2.901098
v 0.140253 0.586158 -2.900420
v 0.210379 0.585715 -2.899461
v 0.581982 0.588882 -2.644713
v 0.582004 0.606841 -2.396615
v 0.582345 0.620895 -2.189665
v 0.556563 0.520431 -3.464728
v 0.569405 0.536225 -3.301601
v 0.577130 0.552446 -3.114020
v 0.619866 0.566758 -2.894215
v 0.663682 0.563787 -2.892959
v 0.713307 0.561220 -2.890448
v 0.479436 0.578884 -2.895813
v 0.512482 0.576171 -2.895492
v 0.545680 0.573132 -2.895167
v 1.059459 0.575059 -2.607867
v 1.057076 0.592161 -2.365325
v 1.045188 0.605915 -2.161113
v 0.975124 0.510388 -3.404497
v 1.011801 0.525539 -3.244228
v 1.037007 0.540847 -3.062424
v 1.127425 0.557247 -2.841309
v 1.194282 0.556608 -2.842054
v 1.245863 0.554950 -2.857972
v 0.833345 0.558018 -2.879540
v 0.902885 0.557393 -2.871091
v 0.976488 0.557194 -2.861282
v 1.665881 0.457140 -3.368993
v 1.689136 0.468205 -3.268644
v 1.703610 0.478188 -3.167532
v 1.474168 0.410463 -3.743259
v 1.528746 0.420379 -3.662911
v 1.583508 0.432392 -3.569227
v 1.668557 0.439802 -3.467266
v 1.703727 0.434611 -3.467366
v 1.734440 0.428658 -3.470792
v 1.507908 0.464359 -3.482733
v 1.552254 0.457791 -3.476878
v 1.592680 0.451184 -3.472540
v 1.720817 0.518586 -2.529651
v 1.721190 0.524462 -2.422798
v 1.722152 0.530757 -2.318469
v 1.717052 0.494588 -2.960131
v 1.719612 0.501230 -2.853643
v 1.720574 0.507234 -2.745995
v 1.756485 0.508703 -2.629733
v 1.789448 0.506088 -2.622248
v 1.816896 0.504041 -2.615864
v 1.603499 0.536513 -2.663655
v 1.645766 0.527704 -2.654465
v 1.684208 0.519486 -2.645948
v 1.294257 0.620615 -1.867303
v 1.324985 0.615650 -1.955150
v 1.355794 0.611825 -2.010206
v 1.539010 0.597787 -1.934675
v 1.477381 0.603847 -1.964311
v 1.420122 0.607801 -2.001284
v 1.367872 0.605752 -2.107768
v 1.362135 0.600417 -2.195630
v 1.370729 0.594685 -2.269153
v 1.524274 0.574860 -2.283053
v 1.469990 0.581898 -2.296539
v 1.420002 0.587150 -2.308743
v 1.367173 0.587257 -2.372216
v 1.355196 0.581943 -2.455230
v 1.359295 0.574840 -2.551271
v 1.501487 0.551949 -2.683218
v 1.447786 0.558219 -2.681184
v 1.401549 0.564159 -2.658518
v 1.289040 0.546567 -2.952859
v 1.303666 0.538807 -3.038341
v 1.320157 0.532122 -3.106547
v 1.478892 0.523493 -3.098019
v 1.421465 0.526637 -3.112837
v 1.370205 0.527617 -3.132901
v 1.310905 0.521766 -3.209771
v 1.279336 0.512558 -3.298091
v 1.244719 0.500441 -3.405317
v 1.400687 0.475312 -3.500053
v 1.338132 0.479436 -3.509938
v 1.272300 0.483001 -3.518177
v 0.453835 0.454667 -3.953587
v 0.482501 0.470129 -3.860600
v 0.511713 0.487119 -3.744052
v 0.758026 0.543088 -3.102315
v 0.741235 0.528049 -3.287083
v 0.718366 0.513299 -3.447768
v 0.188862 0.463401 -3.963124
v 0.207159 0.478423 -3.875006
v 0.226144 0.495620 -3.760635
v 0.000000 0.567123 -3.126053
v 0.000000 0.549083 -3.319080
v 0.000000 0.531702 -3.486798
v 0.438593 0.562249 -3.117758
v 0.429281 0.544828 -3.307427
v 0.416447 0.527968 -3.472398
v 0.787310 0.446212 -3.892477
v 0.827356 0.461540 -3.799049
v 0.877166 0.478118 -3.682491
v 1.138758 0.489470 -3.523513
v 1.070765 0.492077 -3.526077
v 0.999951 0.493711 -3.535798
v 0.644211 0.499264 -3.598209
v 0.605590 0.500763 -3.603300
v 0.570646 0.502436 -3.607321
v 0.362217 0.511826 -3.621612
v 0.323353 0.512583 -3.623215
v 0.283639 0.513159 -3.624732
v 0.861044 0.495464 -3.562385
v 0.797640 0.496197 -3.573797
v 0.739772 0.497006 -3.583595
v 0.504276 0.506047 -3.613396
v 0.470532 0.507821 -3.615835
v 0.435834 0.509439 -3.617975
v 0.182625 0.513852 -3.629645
v 0.121750 0.514034 -3.632644
v 0.060875 0.514163 -3.634766
v 1.351455 0.622702 -1.719837
v 1.439291 0.618550 -1.664975
v 1.523065 0.613028 -1.620326
v 1.073665 0.297482 -4.213319
v 1.178407 0.302319 -4.173178
v 1.268143 0.303702 -4.143274
v 1.235018 0.420710 -3.863713
v 1.179189 0.418123 -3.900110
v 1.107670 0.416319 -3.932204
v -0.607801 0.628145 -2.019619
v -0.650596 0.625765 -1.986165
v -0.709787 0.622576 -1.972230
v -1.658493 0.343817 -3.867069
v -1.068045 0.617071 -1.984052
v -1.121957 0.620279 -1.923637
v -1.188660 0.623200 -1.854722
v -0.293243 0.649677 -2.013073
v -0.334613 0.649463 -1.978660
v -0.384292 0.647833 -1.965963
v -1.441306 0.398331 -3.818555
v -1.468216 0.390724 -3.837918
v -1.520268 0.381337 -3.847273
v -0.699511 0.608999 -1.833526
v -0.507430 0.403841 -4.129004
v -0.487293 0.377759 -4.199165
v -0.474978 0.343397 -4.266184
v -0.255072 0.410776 -4.164828
v -0.219533 0.383806 -4.234915
v -0.191195 0.347850 -4.300668
v -1.209028 0.615188 -1.732922
v -1.204834 0.617556 -1.693798
v -1.360933 0.612835 -1.608721
v -1.664928 0.590649 -1.479429
v -1.786677 0.425382 -3.420592
v -1.819388 0.432290 -3.328490
v -1.368966 0.319264 -4.081885
v -1.430305 0.338350 -4.018395
v -1.507254 0.353617 -3.943743
v -0.993213 0.393318 -4.037872
v -0.971217 0.366164 -4.110236
v -0.956560 0.332698 -4.182624
v -1.405794 0.457276 -3.595941
v -1.349466 0.444446 -3.695327
v -1.301773 0.432215 -3.778492
v -1.549268 0.539511 -2.778908
v -1.543632 0.533630 -2.883281
v -1.539654 0.526637 -2.986392
v -1.603614 0.604838 -1.564761
v -0.775948 0.624218 -1.864096
v -0.768063 0.622341 -1.827842
v -0.424942 0.644265 -1.865960
v -0.411023 0.634774 -1.836037
v -1.242344 0.624806 -1.743427
v -1.226145 0.621944 -1.743227
v -1.456764 0.598968 -1.728401
v -1.752893 0.587203 -1.547697
v -1.769156 0.583827 -1.522921
v -1.159553 0.470951 -3.641804
v -1.110757 0.454321 -3.756956
v -1.063787 0.436099 -3.863890
v -0.651412 0.481479 -3.724794
v -0.610627 0.463722 -3.846695
v -0.570361 0.444879 -3.955637
v -0.716206 0.429868 -3.983695
v -0.655334 0.425260 -4.016159
v -0.592802 0.424001 -4.037436
v -0.379116 0.492620 -3.755612
v -0.354267 0.473435 -3.879447
v -0.325198 0.453415 -3.989768
v -0.406197 0.438750 -4.039286
v -0.370532 0.434242 -4.065063
v -0.331855 0.432455 -4.079353
v -0.139760 0.444449 -4.056052
v -0.095998 0.439093 -4.079608
v -0.048687 0.436517 -4.090738
v -1.672787 0.494114 -3.069241
v -1.631570 0.502404 -3.074155
v -1.586538 0.510766 -3.080169
v -1.593949 0.584714 -2.003340
v -1.588896 0.578577 -2.091435
v -1.582620 0.572582 -2.178974
v -1.692709 0.543147 -2.230423
v -1.659092 0.550239 -2.243074
v -1.621003 0.558317 -2.256003
v -0.484556 0.642135 -1.967473
v -0.526497 0.638242 -1.981766
v -0.560330 0.633451 -2.017401
v -0.854522 0.618665 -1.962802
v -0.926185 0.617852 -1.968420
v -0.988528 0.616261 -1.995611
v -0.086319 0.651553 -1.966815
v -0.164111 0.651443 -1.979399
v -0.225965 0.650423 -2.013438
v -1.292172 0.415335 -3.844805
v -1.330611 0.407652 -3.845247
v -1.385015 0.404234 -3.824237
v -1.659457 0.381371 -3.745504
v -1.713120 0.396697 -3.635031
v -1.743707 0.411844 -3.539912
v -1.529505 0.507801 -3.187574
v -1.517099 0.496070 -3.286869
v -1.494535 0.483415 -3.387304
v -1.570814 0.561076 -2.365076
v -1.565895 0.555556 -2.465452
v -1.560977 0.550157 -2.568899
v -1.653939 0.601838 -1.565460
v -1.696246 0.597005 -1.556239
v -1.724969 0.592568 -1.558593
v -1.350545 0.567736 -2.656902
v -1.325195 0.564654 -2.712348
v -1.299169 0.558893 -2.797455
v -0.781763 0.609378 -2.147246
v -0.780982 0.594311 -2.380895
v -0.777144 0.576882 -2.637468
v -0.933037 0.417655 -3.976456
v -0.851806 0.421905 -3.981572
v -0.794104 0.428659 -3.970077
v -0.443773 0.636834 -2.144443
v -0.447494 0.621213 -2.380778
v -0.447699 0.601584 -2.642030
v -0.487175 0.427218 -4.056383
v -0.454091 0.431139 -4.052536
v -0.437674 0.437475 -4.034550
v -0.252076 0.434177 -4.085336
v -0.216478 0.437675 -4.076425
v -0.188870 0.443868 -4.054718
v -1.822135 0.471031 -3.055957
v -1.788022 0.476907 -3.057490
v -1.750828 0.481664 -3.060752
v -1.593859 0.606219 -1.641367
v -1.594591 0.602579 -1.720762
v -1.596257 0.597188 -1.814323
v -1.784642 0.531629 -2.193231
v -1.754658 0.534155 -2.205495
v -1.741432 0.576575 -1.757103
v -1.743093 0.582510 -1.674006
v -1.742645 0.586835 -1.607341
v -1.726895 0.545339 -2.121939
v -1.730534 0.553448 -2.029344
v -1.734475 0.561618 -1.938480
v -1.762320 0.565451 -1.832308
v -1.783924 0.561816 -1.816663
v -1.643778 0.584642 -1.892430
v -1.681360 0.578988 -1.876507
v -1.711983 0.573949 -1.862081
v -0.285229 0.605961 -2.645561
v -0.285276 0.625234 -2.400021
v -0.277752 0.639687 -2.201170
v -0.256984 0.531044 -3.478126
v -0.266966 0.548209 -3.312102
v -0.274466 0.565981 -3.121168
v -0.323791 0.584596 -2.897755
v -0.366179 0.583819 -2.897172
v -0.406771 0.582709 -2.896640
v -0.070126 0.586472 -2.901098
v -0.140253 0.586158 -2.900420
v -0.210379 0.585715 -2.899461
v -0.581982 0.588882 -2.644713
v -0.582004 0.606841 -2.396615
v -0.582345 0.620895 -2.189665
v -0.556563 0.520431 -3.464728
v -0.569405 0.536225 -3.301602
v -0.577129 0.552446 -3.114020
v -0.619866 0.566758 -2.894215
v -0.663682 0.563787 -2.892960
v -0.713307 0.561220 -2.890448
v -0.479436 0.578884 -2.895813
v -0.512482 0.576171 -2.895492
v -0.545680 0.573132 -2.895167
v -1.059459 0.575059 -2.607867
v -1.057076 0.592161 -2.365325
v -1.045188 0.605916 -2.161113
v -0.975124 0.510388 -3.404497
v -1.011801 0.525539 -3.244228
v -1.037007 0.540847 -3.062424
v -1.127425 0.557247 -2.841309
v -1.194282 0.556608 -2.842054
v -1.245863 0.554950 -2.857973
v -0.833345 0.558018 -2.879540
v -0.902885 0.557393 -2.871091
v -0.976488 0.557194 -2.861281
v -1.665881 0.457140 -3.368993
v -1.689137 0.468205 -3.268644
v -1.703610 0.478188 -3.167532
v -1.474168 0.410463 -3.743260
v -1.528746 0.420379 -3.662911
v -1.583507 0.432392 -3.569227
v -1.668557 0.439802 -3.467266
v -1.703727 0.434611 -3.467366
v -1.734441 0.428658 -3.470791
v -1.507908 0.464359 -3.482733
v -1.552254 0.457791 -3.476878
v -1.592680 0.451184 -3.472540
v -1.720817 0.518586 -2.529651
v -1.721190 0.524462 -2.422798
v -1.722152 0.530757 -2.318468
v -1.717052 0.494588 -2.960131
v -1.719612 0.501230 -2.853643
v -1.720574 0.507234 -2.745995
v -1.756485 0.508703 -2.629733
v -1.789448 0.506088 -2.622248
v -1.816896 0.504041 -2.615864
v -1.603499 0.536513 -2.663655
v -1.645766 0.527704 -2.654465
v -1.684208 0.519486 -2.645947
v -1.294257 0.620615 -1.867303
v -1.324985 0.615650 -1.955149
v -1.355794 0.611825 -2.010206
v -1.539010 0.597787 -1.934675
v -1.477381 0.603847 -1.964311
v -1.420122 0.607801 -2.001284
v -1.367872 0.605752 -2.107768
v -1.362135 0.600417 -2.195630
v -1.370729 0.594685 -2.269153
v -1.524274 0.574860 -2.283052
v -1.469990 0.581898 -2.296539
v -1.420002 0.587150 -2.308743
v -1.367173 0.587257 -2.372216
v -1.355196 0.581943 -2.455230
v -1.359295 0.574840 -2.551271
v -1.501487 0.551948 -2.683218
v -1.447786 0.558219 -2.681184
v -1.401549 0.564159 -2.658517
v -1.289040 0.546567 -2.952858
v -1.303666 0.538807 -3.038341
v -1.320157 0.532122 -3.106547
v -1.478892 0.523493 -3.098018
v -1.421465 0.526637 -3.112837
v -1.370205 0.527617 -3.132901
v -1.310905 0.521766 -3.209771
v -1.279336 0.512558 -3.298091
v -1.244719 0.500441 -3.405316
v -1.400687 0.475312 -3.500053
v -1.338132 0.479436 -3.509938
v -1.272300 0.483001 -3.518177
v -0.453835 0.454667 -3.953587
v -0.482501 0.470129 -3.860600
v -0.511713 0.487119 -3.744052
v -0.758026 0.543088 -3.102314
v -0.741235 0.528049 -3.287082
v -0.718366 0.513299 -3.447767
v -0.188862 0.463401 -3.963124
v -0.207159 0.478423 -3.875006
v -0.226144 0.495620 -3.760635
v -0.438593 0.562249 -3.117758
v -0.429281 0.544828 -3.307427
v -0.416447 0.527968 -3.472398
v -0.787310 0.446212 -3.892476
v -0.827356 0.461540 -3.799049
v -0.877166 0.478118 -3.682491
v -1.138758 0.489470 -3.523513
v -1.070765 0.492077 -3.526077
v -0.999951 0.493711 -3.535798
v -0.644211 0.499264 -3.598209
v -0.605590 0.500763 -3.603300
v -0.570646 0.502436 -3.607321
v -0.362217 0.511826 -3.621612
v -0.323352 0.512583 -3.623215
v -0.283639 0.513158 -3.624732
v -0.861044 0.495464 -3.562385
v -0.797640 0.496197 -3.573797
v -0.739772 0.497006 -3.583595
v -0.504276 0.506047 -3.613396
v -0.470532 0.507821 -3.615835
v -0.435834 0.509439 -3.617975
v -0.182625 0.513852 -3.629646
v -0.121750 0.514034 -3.632644
v -0.060875 0.514162 -3.634766
v -1.351455 0.622702 -1.719837
v -1.439291 0.618550 -1.664975
v -1.523065 0.613028 -1.620326
v -1.073665 0.297482 -4.213319
v -1.178407 0.302319 -4.173178
v -1.268143 0.303702 -4.143274
v -1.235018 0.420710 -3.863713
v -1.179189 0.418123 -3.900110
v -1.107670 0.416319 -3.932203
v 0.345174 0.389607 -4.202559
v 0.248762 0.348160 -4.293381
v 0.274629 0.384344 -4.226310
v 0.302524 0.411003 -4.157108
v 0.351049 0.415059 -4.135831
v 0.396918 0.424889 -4.093369
v 0.406897 0.413267 -4.127386
v 0.446531 0.406890 -4.135930
v 0.410729 0.381378 -4.207439
v 0.388271 0.346295 -4.275805
v 0.314558 0.348475 -4.283352
v 0.115753 0.393252 -4.221824
v 0.045985 0.349399 -4.305213
v 0.052025 0.386944 -4.238248
v 0.050974 0.414516 -4.168460
v 0.101777 0.419419 -4.151581
v 0.149197 0.430247 -4.112136
v 0.172401 0.418572 -4.149941
v 0.210241 0.412710 -4.164559
v 0.169401 0.385826 -4.235222
v 0.140586 0.348850 -4.302642
v 0.093157 0.350137 -4.302322
v 0.599026 0.606865 -1.838801
v 1.685542 0.524893 -2.538832
v 1.648392 0.532916 -2.548265
v 1.607494 0.541667 -2.558204
v 1.687186 0.530503 -2.433010
v 1.651244 0.538300 -2.443403
v 1.611452 0.546951 -2.454158
v 1.689466 0.536521 -2.329775
v 1.654689 0.544019 -2.341225
v 1.615809 0.552467 -2.352948
v 0.815285 0.611669 -1.826994
v 1.728165 0.362582 -3.738341
v 1.778310 0.384217 -3.601081
v 1.793094 0.407186 -3.492287
v 1.628391 0.463498 -3.371793
v 1.588730 0.470388 -3.375437
v 1.544807 0.477223 -3.380438
v 1.651346 0.474871 -3.271623
v 1.611458 0.482231 -3.275272
v 1.567400 0.489543 -3.280164
v 1.664994 0.485134 -3.171087
v 1.624413 0.493007 -3.175229
v 1.579904 0.500874 -3.180533
v 0.708261 0.378532 -4.147265
v 0.579265 0.340603 -4.251664
v 0.582191 0.375818 -4.182473
v 0.582856 0.402481 -4.113736
v 0.663553 0.405364 -4.084571
v 0.734723 0.415371 -4.034649
v 0.789898 0.402810 -4.062596
v 0.884397 0.395688 -4.060446
v 0.844803 0.368782 -4.137653
v 0.827824 0.333933 -4.212201
v 0.699075 0.337759 -4.232738
v 1.356130 0.611048 -1.650042
v 1.502260 0.601602 -1.593659
v 1.644822 0.590209 -1.528859
v 0.994195 0.623749 -1.805654
v 1.148555 0.625447 -1.789603
v 1.068301 0.624275 -1.837624
v 1.015944 0.621708 -1.898607
v 0.948331 0.623137 -1.862686
v 0.863763 0.623348 -1.858093
v 0.870466 0.622336 -1.818850
v 1.115474 0.623575 -1.775497
v 1.526858 0.610730 -1.602069
v 1.437267 0.616660 -1.646706
v 1.340532 0.621670 -1.695038
v 0.226862 0.642069 -1.836930
v 0.357427 0.647203 -1.866480
v 0.294721 0.650135 -1.879076
v 0.251022 0.652418 -1.921898
v 0.186187 0.651339 -1.879464
v 0.098008 0.650150 -1.867079
v 0.107944 0.639383 -1.835960
v 0.327264 0.637572 -1.835344
v 0.580062 0.630184 -1.837171
v 0.694208 0.626961 -1.869266
v 0.626618 0.630944 -1.883927
v 0.583734 0.634354 -1.927039
v 0.544168 0.638036 -1.881938
v 0.488623 0.641229 -1.867709
v 0.490456 0.632384 -1.835275
v 0.674462 0.624603 -1.832371
v 1.719913 0.591065 -1.512088
v 1.750048 0.587593 -1.504822
v 1.663154 0.599724 -1.538158
v 1.706331 0.595262 -1.524591
v 1.735394 0.591147 -1.526405
v 1.524626 0.612130 -1.672175
v 1.529598 0.608675 -1.749364
v 1.535326 0.603596 -1.840380
v 1.446894 0.617366 -1.717836
v 1.457975 0.613888 -1.793495
v 1.469522 0.609142 -1.877798
v 1.367757 0.620624 -1.781701
v 1.387361 0.616690 -1.859493
v 1.407106 0.612300 -1.931592
v 0.983218 0.574867 -2.616065
v 0.910074 0.574978 -2.623974
v 0.841013 0.575572 -2.631437
v 0.983881 0.592004 -2.368977
v 0.913309 0.592293 -2.370849
v 0.845346 0.592944 -2.375501
v 0.982153 0.606267 -2.154505
v 0.916637 0.607182 -2.143343
v 0.848908 0.608004 -2.142546
v 0.546563 0.592526 -2.643885
v 0.513883 0.596002 -2.642787
v 0.481662 0.599084 -2.642183
v 0.547151 0.610919 -2.392007
v 0.514783 0.614938 -2.385139
v 0.482247 0.618429 -2.381659
v 0.550314 0.625315 -2.175225
v 0.517918 0.629937 -2.155418
v 0.482691 0.633806 -2.146275
v 0.214267 0.606575 -2.645072
v 0.143117 0.607102 -2.644802
v 0.071653 0.607459 -2.644871
v 0.216723 0.626218 -2.391318
v 0.146662 0.627001 -2.384990
v 0.074085 0.627432 -2.382587
v 0.218122 0.641469 -2.173679
v 0.152376 0.642690 -2.153854
v 0.078512 0.643181 -2.146140
v 1.715652 0.581037 -1.769439
v 1.684679 0.585884 -1.781387
v 1.645771 0.591228 -1.795552
v 1.718291 0.586928 -1.682860
v 1.687279 0.591692 -1.690668
v 1.646906 0.596868 -1.702268
v 1.720445 0.590997 -1.610787
v 1.690446 0.595653 -1.613113
v 1.648992 0.600695 -1.622362
v 1.784877 0.568146 -1.729494
v 1.764333 0.572361 -1.742827
v 1.784365 0.573886 -1.646165
v 1.764622 0.578309 -1.660596
v 1.779857 0.579199 -1.573225
v 1.761522 0.583154 -1.593405
v 1.784063 0.539279 -2.090755
v 1.755882 0.541816 -2.107768
v 1.783779 0.547102 -1.994355
v 1.757759 0.549829 -2.013889
v 1.783583 0.554726 -1.904088
v 1.759981 0.557828 -1.922620
v 1.697088 0.550495 -2.135689
v 1.664629 0.557053 -2.149654
v 1.627234 0.564565 -2.164019
v 1.702159 0.558308 -2.044086
v 1.670708 0.564282 -2.059094
v 1.633760 0.571121 -2.074750
v 1.707323 0.566242 -1.953565
v 1.676546 0.571676 -1.968883
v 1.639601 0.577856 -1.985214
v 0.410353 0.603380 -2.642166
v 0.370152 0.604585 -2.642767
v 0.328137 0.605378 -2.643984
v 0.409237 0.623210 -2.380896
v 0.368606 0.624444 -2.383628
v 0.327100 0.625017 -2.390567
v 0.401269 0.639056 -2.144980
v 0.357961 0.640286 -2.152847
v 0.316734 0.640381 -2.173113
v 0.288058 0.454516 -3.990912
v 0.252027 0.456472 -3.987236
v 0.219189 0.459659 -3.976937
v 0.317833 0.474383 -3.881104
v 0.280683 0.475461 -3.881032
v 0.243794 0.476847 -3.878682
v 0.342295 0.493564 -3.757434
v 0.304203 0.494326 -3.758851
v 0.265355 0.494994 -3.759857
v 0.144285 0.460450 -3.979490
v 0.097685 0.458106 -3.992374
v 0.049296 0.457046 -3.998636
v 0.155936 0.477636 -3.882361
v 0.104404 0.477069 -3.888206
v 0.052357 0.476863 -3.891403
v 0.169679 0.495723 -3.764412
v 0.113175 0.495827 -3.767637
v 0.056607 0.495924 -3.769800
v 0.719388 0.579070 -2.641236
v 0.667791 0.581959 -2.643333
v 0.622131 0.585295 -2.644511
v 0.721470 0.596697 -2.384488
v 0.668123 0.599768 -2.388327
v 0.621867 0.603135 -2.393991
v 0.718629 0.611909 -2.151317
v 0.663266 0.614958 -2.160147
v 0.618460 0.617802 -2.177964
v 0.529585 0.446373 -3.962277
v 0.497758 0.448750 -3.963072
v 0.474683 0.452157 -3.957045
v 0.571538 0.464929 -3.853459
v 0.538373 0.466498 -3.857473
v 0.509815 0.468440 -3.858747
v 0.610596 0.482645 -3.731511
v 0.574942 0.484011 -3.736707
v 0.542663 0.485542 -3.740658
v 0.427028 0.454204 -3.963740
v 0.395311 0.452921 -3.977473
v 0.361158 0.452730 -3.985904
v 0.453291 0.471031 -3.865875
v 0.421986 0.471619 -3.872205
v 0.389001 0.472454 -3.876681
v 0.480299 0.488633 -3.747479
v 0.447891 0.490073 -3.750710
v 0.414260 0.491431 -3.753407
v 1.239295 0.593994 -2.336488
v 1.260842 0.566719 -2.704509
v 1.208629 0.573220 -2.624274
v 1.137080 0.575149 -2.602650
v 1.134887 0.592883 -2.354986
v 1.108088 0.607413 -2.138816
v 1.172573 0.610849 -2.081423
v 1.231208 0.616616 -1.974947
v 1.276250 0.609459 -2.091527
v 1.321864 0.606979 -2.121441
v 1.310455 0.599538 -2.243021
v 1.331103 0.592908 -2.326061
v 1.308555 0.587120 -2.416255
v 1.320710 0.577445 -2.542722
v 1.285798 0.575898 -2.576986
v 0.984801 0.437558 -3.879329
v 0.908774 0.440159 -3.888082
v 0.844056 0.443732 -3.889229
v 1.037662 0.456059 -3.769701
v 0.963871 0.458007 -3.780268
v 0.893544 0.460040 -3.789105
v 1.089728 0.473317 -3.650161
v 1.018375 0.475381 -3.658809
v 0.946707 0.476964 -3.669918
v 0.730011 0.445504 -3.909439
v 0.672724 0.444010 -3.930162
v 0.618724 0.443895 -3.945438
v 0.765280 0.462046 -3.812318
v 0.707972 0.462209 -3.826261
v 0.656218 0.462770 -3.837759
v 0.812128 0.478971 -3.694928
v 0.752483 0.479710 -3.706415
v 0.698747 0.480518 -3.716421
v 1.766097 0.437488 -3.384875
v 1.736793 0.445535 -3.370811
v 1.702549 0.451548 -3.367394
v 1.793356 0.446807 -3.289161
v 1.761613 0.456086 -3.271501
v 1.726265 0.462494 -3.266901
v 1.811708 0.458594 -3.177695
v 1.778181 0.466766 -3.166698
v 1.741646 0.472596 -3.164842
v 1.597160 0.392730 -3.751941
v 1.546246 0.400088 -3.752192
v 1.508797 0.405790 -3.746000
v 1.657913 0.405080 -3.652637
v 1.610565 0.410994 -3.659619
v 1.569126 0.415747 -3.661044
v 1.701355 0.417601 -3.558296
v 1.662319 0.422836 -3.563939
v 1.623261 0.427491 -3.566534
v 1.429110 0.414398 -3.754652
v 1.381431 0.419403 -3.767930
v 1.340419 0.426213 -3.772958
v 1.485286 0.425698 -3.669638
v 1.440343 0.431843 -3.678385
v 1.395865 0.438530 -3.685999
v 1.542776 0.438260 -3.573571
v 1.500328 0.444786 -3.579520
v 1.455178 0.451368 -3.586813
v 1.816428 0.509130 -2.520132
v 1.787911 0.511908 -2.516323
v 1.755423 0.514589 -2.521132
v 1.786921 0.517917 -2.409095
v 1.754656 0.520661 -2.413451
v 1.785731 0.524477 -2.300421
v 1.754313 0.527127 -2.307756
v 1.826661 0.481886 -2.932121
v 1.792876 0.485753 -2.946104
v 1.755792 0.489558 -2.954496
v 1.826067 0.490864 -2.814842
v 1.793821 0.493367 -2.835514
v 1.757706 0.496492 -2.846779
v 1.821467 0.498161 -2.710650
v 1.791995 0.500032 -2.727990
v 1.757567 0.502770 -2.738405
v 1.677703 0.501731 -2.965394
v 1.636353 0.510230 -2.971177
v 1.591004 0.518920 -2.978003
v 1.680840 0.508256 -2.859854
v 1.639978 0.516775 -2.866544
v 1.594939 0.525621 -2.874193
v 1.682816 0.514053 -2.753184
v 1.643030 0.522455 -2.760788
v 1.599190 0.531315 -2.769224
v 1.242659 0.374661 -3.998573
v 1.079779 0.335542 -4.140785
v 1.094785 0.368262 -4.067374
v 1.097524 0.394553 -4.002648
v 1.186803 0.399006 -3.956998
v 1.246307 0.406573 -3.903780
v 1.290658 0.395737 -3.912058
v 1.364352 0.394215 -3.876960
v 1.374668 0.383025 -3.914877
v 1.431866 0.370624 -3.931118
v 1.347027 0.356222 -4.007463
v 1.291098 0.332744 -4.079806
v 1.194257 0.337847 -4.099614
v 1.420264 0.603188 -2.079099
v 1.478601 0.598514 -2.049278
v 1.538578 0.591974 -2.024189
v 1.417425 0.598100 -2.159877
v 1.476174 0.593122 -2.131927
v 1.534999 0.586251 -2.109844
v 1.419187 0.592592 -2.235508
v 1.473541 0.587562 -2.213028
v 1.529871 0.580558 -2.194910
v 1.412583 0.582046 -2.387829
v 1.464468 0.576190 -2.386213
v 1.518946 0.569130 -2.377133
v 1.404998 0.576443 -2.475928
v 1.458702 0.570310 -2.481791
v 1.513768 0.563375 -2.476392
v 1.403652 0.570086 -2.569913
v 1.454074 0.564191 -2.581457
v 1.508277 0.557620 -2.579091
v 1.413746 0.545590 -2.898686
v 1.388810 0.559624 -2.735549
v 1.436186 0.552568 -2.779854
v 1.492757 0.546300 -2.787568
v 1.484542 0.539990 -2.893234
v 1.481602 0.532372 -2.997498
v 1.422014 0.535504 -3.017100
v 1.368170 0.535150 -3.054954
v 1.354631 0.542777 -2.972818
v 1.329823 0.550786 -2.887712
v 1.364967 0.555298 -2.811929
v 1.358310 0.519115 -3.214727
v 1.413642 0.516674 -3.206660
v 1.472560 0.513051 -3.196615
v 1.336763 0.508852 -3.306036
v 1.398040 0.505358 -3.302995
v 1.459554 0.501265 -3.295332
v 1.308630 0.496641 -3.408223
v 1.373671 0.492817 -3.403963
v 1.436709 0.488540 -3.395957
v 1.226948 0.468432 -3.631450
v 1.291033 0.465536 -3.619531
v 1.350934 0.461938 -3.607221
v 1.178961 0.452723 -3.742249
v 1.241442 0.450921 -3.726055
v 1.298231 0.448424 -3.709410
v 1.136507 0.435485 -3.844483
v 1.200627 0.435251 -3.821781
v 1.255711 0.434706 -3.797238
v 1.174486 0.525241 -3.209083
v 1.183563 0.504494 -3.393641
v 1.120112 0.508074 -3.382719
v 1.048560 0.509705 -3.389783
v 1.088127 0.525310 -3.228149
v 1.112272 0.540874 -3.047937
v 1.182666 0.541501 -3.028605
v 1.241534 0.543602 -2.996493
v 1.249191 0.533598 -3.108223
v 1.274364 0.526418 -3.176691
v 1.227705 0.517392 -3.271751
v 0.670443 0.514704 -3.453856
v 0.628793 0.516420 -3.458471
v 0.591478 0.518358 -3.461975
v 0.689886 0.529620 -3.292655
v 0.645317 0.531586 -3.296650
v 0.605750 0.533828 -3.299491
v 0.703765 0.544846 -3.107292
v 0.656501 0.547096 -3.110569
v 0.614776 0.549681 -3.112645
v 0.378270 0.529113 -3.473903
v 0.338646 0.529935 -3.475347
v 0.298056 0.530544 -3.476747
v 0.390838 0.546109 -3.308623
v 0.350564 0.547017 -3.309795
v 0.309070 0.547675 -3.310952
v 0.400234 0.563685 -3.118593
v 0.359584 0.564690 -3.119443
v 0.317407 0.565407 -3.120304
v 0.903779 0.510919 -3.418340
v 0.836223 0.511505 -3.430113
v 0.773927 0.512260 -3.439896
v 0.937636 0.525822 -3.258218
v 0.866617 0.526253 -3.269971
v 0.800548 0.526954 -3.279567
v 0.961681 0.540954 -3.075144
v 0.888723 0.541265 -3.086137
v 0.820161 0.541927 -3.095247
v 0.522334 0.522543 -3.467041
v 0.487971 0.524583 -3.469039
v 0.452875 0.526431 -3.470799
v 0.534638 0.538656 -3.303346
v 0.500341 0.540989 -3.304852
v 0.465546 0.543091 -3.306190
v 0.542111 0.555236 -3.115119
v 0.508295 0.557899 -3.116071
v 0.474261 0.560287 -3.116932
v 0.192738 0.531286 -3.481310
v 0.128492 0.531496 -3.484088
v 0.064246 0.531645 -3.486053
v 0.200224 0.548529 -3.314664
v 0.133483 0.548810 -3.316899
v 0.066742 0.549008 -3.318480
v 0.205849 0.566400 -3.122962
v 0.137233 0.566766 -3.124527
v 0.068617 0.567024 -3.125633
v -0.345174 0.389607 -4.202559
v -0.248762 0.348160 -4.293382
v -0.314558 0.348475 -4.283352
v -0.388271 0.346295 -4.275805
v -0.410729 0.381378 -4.207440
v -0.446531 0.406890 -4.135930
v -0.406897 0.413267 -4.127386
v -0.396918 0.424889 -4.093369
v -0.351049 0.415059 -4.135831
v -0.302524 0.411003 -4.157108
v -0.274629 0.384344 -4.226310
v -0.115753 0.393252 -4.221825
v -0.045985 0.349399 -4.305213
v -0.093157 0.350137 -4.302322
v -0.140586 0.348850 -4.302642
v -0.169401 0.385826 -4.235222
v -0.210241 0.412710 -4.164559
v -0.172401 0.418572 -4.149941
v -0.149197 0.430247 -4.112136
v -0.101777 0.419419 -4.151581
v -0.050974 0.414516 -4.168461
v -0.052025 0.386944 -4.238248
v -1.685542 0.524893 -2.538832
v -1.687186 0.530503 -2.433010
v -1.689466 0.536521 -2.329775
v -1.648392 0.532916 -2.548265
v -1.651245 0.538300 -2.443403
v -1.654689 0.544019 -2.341225
v -1.607494 0.541667 -2.558203
v -1.611452 0.546951 -2.454158
v -1.615809 0.552467 -2.352948
v -1.062850 0.617597 -1.760732
v -0.815286 0.611669 -1.826995
v -1.793094 0.407186 -3.492286
v -1.778310 0.384217 -3.601082
v -1.728165 0.362582 -3.738341
v -1.628391 0.463498 -3.371793
v -1.651346 0.474871 -3.271623
v -1.664994 0.485134 -3.171087
v -1.588730 0.470388 -3.375437
v -1.611458 0.482231 -3.275272
v -1.624413 0.493007 -3.175229
v -1.544807 0.477223 -3.380438
v -1.567400 0.489543 -3.280164
v -1.579904 0.500874 -3.180533
v -0.708261 0.378532 -4.147266
v -0.579265 0.340603 -4.251664
v -0.699075 0.337759 -4.232738
v -0.827824 0.333933 -4.212200
v -0.844803 0.368782 -4.137652
v -0.884397 0.395688 -4.060446
v -0.789898 0.402810 -4.062596
v -0.734723 0.415371 -4.034649
v -0.663553 0.405364 -4.084572
v -0.582856 0.402481 -4.113735
v -0.582191 0.375818 -4.182473
v -1.473140 0.599714 -1.683485
v -1.488526 0.600568 -1.638571
v -1.356130 0.611048 -1.650041
v -1.502260 0.601602 -1.593659
v -1.644822 0.590209 -1.528859
v -0.994195 0.623749 -1.805654
v -1.148555 0.625447 -1.789603
v -1.115474 0.623575 -1.775497
v -0.870466 0.622336 -1.818851
v -0.863763 0.623348 -1.858093
v -0.948331 0.623137 -1.862686
v -1.015944 0.621708 -1.898607
v -1.068301 0.624275 -1.837624
v -1.526858 0.610730 -1.602069
v -1.437267 0.616660 -1.646706
v -1.440422 0.612204 -1.657656
v -1.447554 0.606019 -1.688140
v -1.340532 0.621670 -1.695038
v -0.226862 0.642069 -1.836930
v -0.357427 0.647203 -1.866480
v -0.327264 0.637572 -1.835344
v -0.107944 0.639383 -1.835960
v -0.098008 0.650150 -1.867079
v -0.186187 0.651339 -1.879464
v -0.251022 0.652418 -1.921898
v -0.294721 0.650135 -1.879076
v -0.580062 0.630184 -1.837171
v -0.694208 0.626961 -1.869266
v -0.674462 0.624603 -1.832371
v -0.490456 0.632384 -1.835275
v -0.488623 0.641229 -1.867709
v -0.544168 0.638036 -1.881938
v -0.583734 0.634354 -1.927039
v -0.626618 0.630944 -1.883927
v -1.850743 0.540190 -1.857569
v -1.860134 0.528671 -1.995029
v -1.675941 0.594954 -1.535080
v -1.663154 0.599724 -1.538158
v -1.719912 0.591065 -1.512088
v -1.706331 0.595262 -1.524591
v -1.767032 0.582896 -1.484468
v -1.750049 0.587593 -1.504822
v -1.735394 0.591147 -1.526404
v -1.524626 0.612130 -1.672175
v -1.446894 0.617366 -1.717836
v -1.367757 0.620624 -1.781701
v -1.529598 0.608675 -1.749364
v -1.457975 0.613888 -1.793495
v -1.387362 0.616690 -1.859493
v -1.535325 0.603596 -1.840380
v -1.469522 0.609142 -1.877798
v -1.407105 0.612300 -1.931592
v -0.983218 0.574867 -2.616065
v -0.983881 0.592004 -2.368977
v -0.982153 0.606267 -2.154505
v -0.910074 0.574978 -2.623974
v -0.913309 0.592293 -2.370848
v -0.916637 0.607182 -2.143343
v -0.841013 0.575572 -2.631437
v -0.845347 0.592944 -2.375501
v -0.848908 0.608004 -2.142546
v -0.546563 0.592526 -2.643885
v -0.547151 0.610919 -2.392007
v -0.550314 0.625314 -2.175225
v -0.513883 0.596002 -2.642787
v -0.514783 0.614938 -2.385139
v -0.517918 0.629937 -2.155418
v -0.481662 0.599084 -2.642183
v -0.482247 0.618429 -2.381659
v -0.482691 0.633806 -2.146275
v -0.214267 0.606575 -2.645072
v -0.216723 0.626218 -2.391317
v -0.218122 0.641469 -2.173679
v -0.143117 0.607102 -2.644802
v -0.146662 0.627001 -2.384990
v -0.152376 0.642690 -2.153854
v -0.071653 0.607459 -2.644871
v -0.074085 0.627432 -2.382587
v -0.078512 0.643181 -2.146140
v -1.715652 0.581037 -1.769439
v -1.718291 0.586928 -1.682860
v -1.720445 0.590997 -1.610787
v -1.684679 0.585884 -1.781387
v -1.687279 0.591692 -1.690668
v -1.690446 0.595653 -1.613113
v -1.645771 0.591228 -1.795552
v -1.646905 0.596868 -1.702268
v -1.648992 0.600695 -1.622362
v -1.784877 0.568146 -1.729494
v -1.784365 0.573886 -1.646165
v -1.779857 0.579199 -1.573225
v -1.764333 0.572361 -1.742827
v -1.764622 0.578309 -1.660596
v -1.761522 0.583154 -1.593405
v -1.784063 0.539279 -2.090755
v -1.783779 0.547102 -1.994355
v -1.783583 0.554726 -1.904088
v -1.755882 0.541816 -2.107768
v -1.757759 0.549829 -2.013889
v -1.759981 0.557828 -1.922620
v -1.697088 0.550495 -2.135689
v -1.702159 0.558308 -2.044086
v -1.707323 0.566242 -1.953565
v -1.664629 0.557053 -2.149654
v -1.670708 0.564282 -2.059094
v -1.676546 0.571676 -1.968883
v -1.627234 0.564565 -2.164019
v -1.633760 0.571121 -2.074750
v -1.639601 0.577856 -1.985214
v -0.410353 0.603380 -2.642166
v -0.409237 0.623210 -2.380896
v -0.401269 0.639056 -2.144980
v -0.370152 0.604585 -2.642766
v -0.368606 0.624444 -2.383628
v -0.357961 0.640286 -2.152847
v -0.328137 0.605378 -2.643984
v -0.327100 0.625017 -2.390567
v -0.316734 0.640381 -2.173113
v -0.288058 0.454516 -3.990913
v -0.317833 0.474383 -3.881104
v -0.342295 0.493564 -3.757435
v -0.252027 0.456472 -3.987236
v -0.280683 0.475461 -3.881032
v -0.304203 0.494326 -3.758851
v -0.219189 0.459659 -3.976936
v -0.243794 0.476847 -3.878682
v -0.265355 0.494994 -3.759857
v -0.144285 0.460450 -3.979489
v -0.155936 0.477636 -3.882361
v -0.169679 0.495722 -3.764413
v -0.097685 0.458106 -3.992374
v -0.104404 0.477069 -3.888206
v -0.113175 0.495826 -3.767637
v -0.049296 0.457046 -3.998635
v -0.052357 0.476863 -3.891402
v -0.056607 0.495924 -3.769799
v -0.719388 0.579070 -2.641236
v -0.721470 0.596697 -2.384488
v -0.718629 0.611909 -2.151317
v -0.667791 0.581959 -2.643334
v -0.668123 0.599768 -2.388327
v -0.663266 0.614958 -2.160147
v -0.622131 0.585295 -2.644511
v -0.621867 0.603135 -2.393991
v -0.618460 0.617802 -2.177964
v -0.529585 0.446373 -3.962277
v -0.571538 0.464929 -3.853459
v -0.610596 0.482645 -3.731511
v -0.497758 0.448750 -3.963072
v -0.538373 0.466498 -3.857473
v -0.574942 0.484011 -3.736707
v -0.474683 0.452157 -3.957044
v -0.509815 0.468440 -3.858748
v -0.542663 0.485542 -3.740658
v -0.427028 0.454204 -3.963740
v -0.453291 0.471031 -3.865875
v -0.480299 0.488633 -3.747479
v -0.395311 0.452921 -3.977473
v -0.421986 0.471619 -3.872205
v -0.447892 0.490073 -3.750710
v -0.361158 0.452730 -3.985904
v -0.389001 0.472454 -3.876681
v -0.414260 0.491431 -3.753407
v -1.239295 0.593994 -2.336488
v -1.260842 0.566719 -2.704508
v -1.285798 0.575898 -2.576986
v -1.320709 0.577445 -2.542722
v -1.308555 0.587120 -2.416255
v -1.331103 0.592908 -2.326062
v -1.310455 0.599538 -2.243021
v -1.321864 0.606979 -2.121441
v -1.276250 0.609459 -2.091527
v -1.231208 0.616616 -1.974948
v -1.172573 0.610849 -2.081423
v -1.108088 0.607413 -2.138816
v -1.134886 0.592883 -2.354986
v -1.137080 0.575149 -2.602650
v -1.208629 0.573220 -2.624274
v -0.984801 0.437558 -3.879329
v -1.037662 0.456059 -3.769701
v -1.089728 0.473317 -3.650162
v -0.908774 0.440159 -3.888083
v -0.963871 0.458007 -3.780268
v -1.018375 0.475381 -3.658809
v -0.844056 0.443732 -3.889229
v -0.893544 0.460040 -3.789105
v -0.946707 0.476964 -3.669918
v -0.730011 0.445504 -3.909439
v -0.765280 0.462046 -3.812318
v -0.812128 0.478971 -3.694929
v -0.672724 0.444010 -3.930162
v -0.707972 0.462209 -3.826261
v -0.752483 0.479710 -3.706415
v -0.618724 0.443895 -3.945438
v -0.656218 0.462770 -3.837759
v -0.698747 0.480518 -3.716421
v -1.766097 0.437488 -3.384875
v -1.793356 0.446807 -3.289160
v -1.811708 0.458594 -3.177696
v -1.736793 0.445535 -3.370811
v -1.761613 0.456086 -3.271501
v -1.778181 0.466766 -3.166699
v -1.702549 0.451548 -3.367395
v -1.726265 0.462494 -3.266901
v -1.741646 0.472596 -3.164842
v -1.597160 0.392730 -3.751941
v -1.657913 0.405080 -3.652637
v -1.701355 0.417601 -3.558296
v -1.546246 0.400088 -3.752192
v -1.610565 0.410994 -3.659619
v -1.662319 0.422836 -3.563939
v -1.508797 0.405790 -3.746000
v -1.569126 0.415747 -3.661044
v -1.623261 0.427491 -3.566534
v -1.429110 0.414398 -3.754652
v -1.485286 0.425698 -3.669639
v -1.542776 0.438260 -3.573571
v -1.381431 0.419403 -3.767930
v -1.440343 0.431843 -3.678385
v -1.500328 0.444786 -3.579520
v -1.340419 0.426213 -3.772958
v -1.395864 0.438530 -3.685999
v -1.455178 0.451368 -3.586813
v -1.816428 0.509130 -2.520131
v -1.787911 0.511908 -2.516323
v -1.786921 0.517917 -2.409095
v -1.785731 0.524477 -2.300421
v -1.755423 0.514589 -2.521132
v -1.754656 0.520661 -2.413451
v -1.754313 0.527127 -2.307755
v -1.826661 0.481886 -2.932121
v -1.826067 0.490864 -2.814841
v -1.821467 0.498161 -2.710650
v -1.792876 0.485753 -2.946103
v -1.793821 0.493368 -2.835514
v -1.791995 0.500032 -2.727991
v -1.755792 0.489558 -2.954496
v -1.757706 0.496492 -2.846779
v -1.757567 0.502770 -2.738405
v -1.677703 0.501731 -2.965394
v -1.680840 0.508256 -2.859854
v -1.682816 0.514053 -2.753184
v -1.636353 0.510230 -2.971178
v -1.639978 0.516775 -2.866544
v -1.643030 0.522455 -2.760788
v -1.591003 0.518920 -2.978003
v -1.594939 0.525621 -2.874193
v -1.599190 0.531315 -2.769224
v -1.242659 0.374661 -3.998573
v -1.079778 0.335542 -4.140783
v -1.194257 0.337847 -4.099614
v -1.291098 0.332744 -4.079806
v -1.347027 0.356222 -4.007463
v -1.431866 0.370624 -3.931118
v -1.374668 0.383025 -3.914877
v -1.364352 0.394215 -3.876960
v -1.290658 0.395737 -3.912058
v -1.246307 0.406573 -3.903780
v -1.186803 0.399006 -3.956998
v -1.097524 0.394553 -4.002648
v -1.094785 0.368262 -4.067372
v -1.420264 0.603188 -2.079099
v -1.417425 0.598100 -2.159877
v -1.419187 0.592592 -2.235508
v -1.478601 0.598514 -2.049278
v -1.476174 0.593122 -2.131927
v -1.473541 0.587562 -2.213028
v -1.538578 0.591974 -2.024189
v -1.534999 0.586251 -2.109844
v -1.529871 0.580558 -2.194910
v -1.412583 0.582045 -2.387828
v -1.404998 0.576443 -2.475928
v -1.403652 0.570086 -2.569913
v -1.464468 0.576190 -2.386213
v -1.458702 0.570310 -2.481791
v -1.454074 0.564191 -2.581457
v -1.518946 0.569130 -2.377134
v -1.513768 0.563375 -2.476392
v -1.508276 0.557620 -2.579091
v -1.413746 0.545590 -2.898685
v -1.388810 0.559624 -2.735549
v -1.364967 0.555298 -2.811930
v -1.329823 0.550786 -2.887712
v -1.354631 0.542777 -2.972819
v -1.368169 0.535150 -3.054954
v -1.422014 0.535504 -3.017100
v -1.481602 0.532372 -2.997498
v -1.484542 0.539990 -2.893234
v -1.492757 0.546300 -2.787569
v -1.436187 0.552568 -2.779854
v -1.358310 0.519115 -3.214727
v -1.336763 0.508852 -3.306036
v -1.308630 0.496641 -3.408223
v -1.413642 0.516674 -3.206660
v -1.398041 0.505358 -3.302996
v -1.373671 0.492817 -3.403963
v -1.472560 0.513051 -3.196615
v -1.459554 0.501265 -3.295332
v -1.436709 0.488540 -3.395957
v -1.226948 0.468432 -3.631449
v -1.178961 0.452723 -3.742249
v -1.136507 0.435485 -3.844484
v -1.291033 0.465536 -3.619531
v -1.241442 0.450921 -3.726055
v -1.200627 0.435251 -3.821782
v -1.350934 0.461938 -3.607221
v -1.298231 0.448424 -3.709411
v -1.255711 0.434706 -3.797238
v -1.174486 0.525241 -3.209083
v -1.183563 0.504494 -3.393641
v -1.227705 0.517392 -3.271751
v -1.274364 0.526418 -3.176691
v -1.249191 0.533598 -3.108223
v -1.241534 0.543602 -2.996492
v -1.182666 0.541501 -3.028604
v -1.112272 0.540874 -3.047937
v -1.088127 0.525310 -3.228149
v -1.048559 0.509705 -3.389783
v -1.120112 0.508074 -3.382719
v -0.670443 0.514704 -3.453856
v -0.689886 0.529620 -3.292655
v -0.703765 0.544846 -3.107292
v -0.628793 0.516420 -3.458471
v -0.645317 0.531586 -3.296650
v -0.656501 0.547096 -3.110569
v -0.591478 0.518358 -3.461975
v -0.605750 0.533828 -3.299491
v -0.614775 0.549681 -3.112645
v -0.378270 0.529113 -3.473903
v -0.390838 0.546109 -3.308623
v -0.400234 0.563685 -3.118593
v -0.338646 0.529936 -3.475346
v -0.350564 0.547017 -3.309795
v -0.359584 0.564690 -3.119443
v -0.298056 0.530544 -3.476747
v -0.309070 0.547675 -3.310952
v -0.317407 0.565407 -3.120303
v -0.903779 0.510919 -3.418340
v -0.937636 0.525822 -3.258218
v -0.961681 0.540954 -3.075143
v -0.836223 0.511505 -3.430113
v -0.866617 0.526253 -3.269971
v -0.888723 0.541265 -3.086137
v -0.773927 0.512260 -3.439895
v -0.800548 0.526954 -3.279567
v -0.820161 0.541927 -3.095247
v -0.522334 0.522543 -3.467041
v -0.534638 0.538656 -3.303346
v -0.542111 0.555236 -3.115119
v -0.487971 0.524583 -3.469039
v -0.500341 0.540990 -3.304852
v -0.508295 0.557899 -3.116071
v -0.452875 0.526431 -3.470799
v -0.465546 0.543091 -3.306189
v -0.474262 0.560287 -3.116932
v -0.192738 0.531286 -3.481310
v -0.200224 0.548529 -3.314664
v -0.205849 0.566400 -3.122962
v -0.128492 0.531496 -3.484088
v -0.133483 0.548810 -3.316899
v -0.137233 0.566766 -3.124527
v -0.064246 0.531646 -3.486053
v -0.066741 0.549008 -3.318480
v -0.068616 0.567024 -3.125633
v -1.000824 0.292603 -4.241385
v -1.077620 0.287531 -4.228205
v -1.101180 0.285930 -4.224074
v -1.102781 0.285820 -4.223796
v -1.185459 0.279734 -4.208919
v -1.200289 0.278661 -4.206283
v -1.279284 0.272781 -4.192438
v -1.298643 0.271318 -4.188944
v -1.353005 0.283695 -4.151128
v -1.413750 0.297064 -4.107368
v -1.418838 0.298206 -4.103703
v -1.427199 0.299851 -4.096970
v -1.494848 0.313716 -4.043462
v -1.549637 0.322894 -3.994182
v -1.578920 0.327797 -3.967837
v -1.590719 0.329224 -3.955603
v -1.661942 0.337301 -3.879605
v -1.668827 0.338057 -3.872269
v -1.714010 0.340392 -3.816751
v -1.762954 0.342364 -3.755624
v -1.789298 0.381480 -3.592427
v -1.799840 0.398470 -3.512620
v -1.803179 0.403727 -3.487207
v -1.764419 0.344436 -3.748051
v -1.772692 0.356986 -3.696448
v -1.805741 0.407760 -3.466840
v -1.819594 0.432058 -3.329196
v -1.819848 0.432585 -3.325775
v -1.827161 0.450633 -3.198837
v -1.827586 0.451665 -3.191377
v -1.832374 0.468016 -3.056325
v -1.832818 0.480779 -2.927280
v -1.832197 0.482950 -2.900427
v -1.826296 0.497897 -2.703185
v -1.828198 0.494050 -2.756877
v -1.830429 0.490429 -2.808747
v -1.821551 0.503557 -2.614738
v -1.820730 0.504208 -2.602888
v -1.817028 0.509018 -2.520731
v -1.816485 0.509736 -2.508538
v -1.812357 0.515118 -2.414333
v -1.808704 0.521034 -2.316614
v -1.808135 0.522077 -2.300034
v -1.804516 0.529703 -2.184983
v -1.801524 0.537715 -2.075989
v -1.800695 0.541593 -2.028471
v -1.799589 0.545622 -1.976076
v -1.798816 0.549726 -1.927624
v -1.798050 0.552974 -1.887217
v -1.796584 0.559509 -1.806549
v -1.794701 0.564919 -1.737270
v -1.788812 0.577017 -1.562845
v -1.794385 0.565788 -1.725670
v -1.791903 0.571845 -1.642431
v -1.784774 0.580465 -1.494968
v -1.778874 0.578435 -1.463138
v -1.779245 0.578026 -1.470253
v -1.780255 0.579296 -1.466918
v -1.783939 0.580383 -1.488508
v 0.063943 0.320424 -4.341535
v 0.042635 0.320578 -4.341821
v 0.042555 0.320578 -4.341822
v 0.021320 0.320710 -4.342068
v 0.000000 0.320783 -4.342204
v -0.021320 0.320710 -4.342068
v 0.000000 0.320783 -4.342204
v -0.042555 0.320578 -4.341823
v -0.042635 0.320578 -4.341821
v -0.063943 0.320424 -4.341535
v -0.085235 0.320168 -4.341057
v -0.086231 0.320171 -4.341012
v -0.123366 0.320435 -4.339615
v -0.132317 0.320500 -4.339280
v -0.150718 0.320476 -4.338300
v -0.183187 0.320374 -4.336454
v -0.216533 0.319950 -4.333967
v -0.241691 0.319429 -4.331713
v -0.282549 0.318679 -4.328231
v -0.348780 0.317123 -4.321955
v -0.309417 0.317925 -4.325455
v -0.387205 0.316175 -4.318132
v -0.478361 0.313817 -4.308863
v -0.488153 0.313449 -4.307653
v -0.585716 0.310520 -4.296975
v -0.626381 0.308886 -4.291753
v -0.705857 0.306321 -4.282720
v -0.763607 0.304115 -4.275517
v -0.791487 0.303050 -4.272039
v -0.832409 0.301321 -4.266624
v -0.898847 0.298147 -4.257151
v -0.957479 0.295277 -4.248742
v -0.980896 0.293884 -4.244861
v 1.427199 0.299851 -4.096970
v 1.549637 0.322894 -3.994182
v 1.494848 0.313716 -4.043462
v 1.590718 0.329224 -3.955604
v 1.578920 0.327797 -3.967837
v 1.413752 0.297065 -4.107368
v 1.418838 0.298205 -4.103703
v 1.298643 0.271318 -4.188944
v 1.353006 0.283695 -4.151128
v 1.279284 0.272781 -4.192438
v 1.200289 0.278661 -4.206283
v 1.102779 0.285820 -4.223796
v 1.101180 0.285930 -4.224073
v 1.185459 0.279734 -4.208919
v 1.077620 0.287531 -4.228204
v 1.000824 0.292603 -4.241385
v 0.957479 0.295277 -4.248742
v 0.980896 0.293884 -4.244861
v 0.898847 0.298147 -4.257151
v 0.791490 0.303050 -4.272039
v 0.763608 0.304115 -4.275517
v 0.832409 0.301321 -4.266624
v 0.705857 0.306321 -4.282720
v 0.626381 0.308886 -4.291753
v 0.585716 0.310520 -4.296975
v 0.488153 0.313449 -4.307653
v 0.478361 0.313817 -4.308863
v 0.387205 0.316175 -4.318132
v 0.348780 0.317123 -4.321954
v 0.309417 0.317925 -4.325455
v 0.282549 0.318679 -4.328231
v 0.220340 0.312973 -4.342524
v 0.241691 0.319429 -4.331713
v 0.216533 0.319950 -4.333967
v 0.217142 0.313015 -4.342761
v 0.183188 0.320374 -4.336454
v 0.150718 0.320476 -4.338300
v 0.181178 0.313478 -4.345436
v 0.151477 0.313563 -4.347083
v 0.086141 0.313295 -4.349846
v 0.123367 0.320435 -4.339615
v 0.132317 0.320500 -4.339280
v 0.130304 0.313595 -4.348204
v 0.085235 0.320168 -4.341057
v 0.086231 0.320171 -4.341012
v 1.668827 0.338057 -3.872269
v 1.714010 0.340393 -3.816749
v 1.762954 0.342364 -3.755623
v 1.764419 0.344436 -3.748051
v 1.772692 0.356986 -3.696448
v 1.789298 0.381480 -3.592427
v 1.799840 0.398470 -3.512620
v 1.800695 0.541593 -2.028471
v 1.799589 0.545622 -1.976077
v 1.788812 0.577017 -1.562845
v 1.794701 0.564919 -1.737270
v 1.794384 0.565788 -1.725670
v 1.784774 0.580465 -1.494968
v 1.803179 0.403727 -3.487207
v 1.805741 0.407760 -3.466840
v 1.819594 0.432058 -3.329195
v 1.819848 0.432585 -3.325774
v 1.827161 0.450633 -3.198837
v 1.828198 0.494050 -2.756876
v 1.820730 0.504208 -2.602888
v 1.821551 0.503557 -2.614738
v 1.817028 0.509018 -2.520732
v 1.816485 0.509737 -2.508533
v 1.812357 0.515118 -2.414333
v 1.808703 0.521034 -2.316614
v 1.808135 0.522077 -2.300034
v 1.804516 0.529703 -2.184983
v 1.801524 0.537715 -2.075989
v 1.796584 0.559509 -1.806549
v 1.827585 0.451665 -3.191376
v 1.832374 0.468016 -3.056325
v 1.832818 0.480779 -2.927280
v 1.832197 0.482950 -2.900427
v 1.830429 0.490429 -2.808748
vn 0.0851 0.8692 -0.4870
vn 0.0682 0.9258 -0.3719
vn 0.0817 0.9364 -0.3413
vn 0.0824 0.9270 -0.3660
vn 0.0853 0.9251 -0.3700
vn 0.0821 0.9272 -0.3654
vn 0.0855 0.8772 -0.4725
vn 0.0746 0.8770 -0.4747
vn 0.0755 0.8770 -0.4745
vn 0.0635 0.8659 -0.4962
vn 0.0393 0.9589 -0.2810
vn 0.0444 0.9585 -0.2816
vn 0.0484 0.9590 -0.2792
vn 0.0428 0.9585 -0.2819
vn 0.0503 0.9597 -0.2766
vn 0.0533 0.9615 -0.2697
vn 0.0536 0.9234 -0.3800
vn 0.0774 0.9638 -0.2551
vn 0.0962 0.9549 -0.2809
vn 0.0913 0.9547 -0.2832
vn 0.0953 0.9549 -0.2813
vn 0.0544 0.9621 -0.2672
vn 0.0802 0.9553 -0.2845
vn 0.0766 0.9564 -0.2820
vn 0.0815 0.9551 -0.2850
vn 0.0858 0.9546 -0.2853
vn 0.0859 0.9250 -0.3701
vn 0.0864 0.9268 -0.3656
vn 0.0927 0.8820 -0.4620
vn 0.0872 0.8776 -0.4713
vn 0.0287 0.8746 -0.4840
vn 0.0124 0.9340 -0.3571
vn 0.0189 0.9456 -0.3247
vn 0.0255 0.9329 -0.3591
vn 0.0107 0.8778 -0.4790
vn 0.0090 0.8713 -0.4907
vn -0.0000 0.9619 -0.2734
vn 0.0007 0.9620 -0.2731
vn 0.0029 0.9633 -0.2683
vn 0.0031 0.9637 -0.2670
vn 0.0045 0.9664 -0.2570
vn -0.0000 0.9295 -0.3688
vn 0.0039 0.9295 -0.3688
vn 0.0179 0.9712 -0.2376
vn 0.0325 0.9646 -0.2619
vn 0.0331 0.9645 -0.2620
vn 0.0328 0.9643 -0.2627
vn 0.0047 0.9669 -0.2552
vn 0.0385 0.9592 -0.2802
vn 0.0350 0.9608 -0.2751
vn 0.0387 0.9261 -0.3753
vn 0.0372 0.8697 -0.4922
vn 0.2219 0.9736 -0.0528
vn 0.2226 0.9734 -0.0549
vn 0.2271 0.9721 -0.0592
vn 0.2259 0.9725 -0.0561
vn 0.2239 0.9730 -0.0569
vn 0.2287 0.9715 -0.0619
vn 0.2304 0.9708 -0.0669
vn 0.2294 0.9713 -0.0629
vn 0.2311 0.9704 -0.0705
vn 0.1880 0.9808 -0.0518
vn 0.1879 0.9808 -0.0519
vn 0.1898 0.9803 -0.0546
vn 0.1884 0.9807 -0.0520
vn 0.2182 0.9744 -0.0532
vn 0.2175 0.9746 -0.0538
vn 0.2178 0.9745 -0.0546
vn 0.1783 0.9823 -0.0579
vn 0.1865 0.9808 -0.0572
vn 0.1951 0.9790 -0.0588
vn 0.1878 0.9805 -0.0574
vn 0.2015 0.9775 -0.0626
vn 0.1962 0.9788 -0.0592
vn 0.2048 0.9764 -0.0691
vn 0.2022 0.9773 -0.0634
vn 0.2047 0.9757 -0.0779
vn 0.2052 0.9762 -0.0706
vn 0.2302 0.9697 -0.0817
vn 0.2366 0.9682 -0.0818
vn 0.2325 0.9698 -0.0735
vn 0.1937 0.9791 -0.0620
vn 0.1978 0.9777 -0.0702
vn 0.1982 0.9776 -0.0713
vn 0.1903 0.9802 -0.0552
vn 0.1929 0.9794 -0.0605
vn 0.3790 0.8837 -0.2747
vn 0.4110 0.8796 -0.2396
vn 0.2644 0.9208 -0.2866
vn 0.2947 0.9193 -0.2607
vn 0.3456 0.8848 -0.3126
vn 0.2983 0.9304 -0.2130
vn 0.3622 0.9109 -0.1977
vn 0.3090 0.9201 -0.2407
vn 0.1803 0.9720 -0.1507
vn 0.1880 0.9698 -0.1553
vn 0.1873 0.9700 -0.1549
vn 0.1739 0.9722 -0.1565
vn 0.1850 0.9749 -0.1238
vn 0.1964 0.9721 -0.1280
vn 0.1957 0.9723 -0.1277
vn 0.1821 0.9745 -0.1311
vn 0.1731 0.9687 -0.1781
vn 0.1740 0.9684 -0.1788
vn 0.1802 0.9664 -0.1831
vn 0.1797 0.9664 -0.1835
vn 0.1708 0.9683 -0.1823
vn 0.1695 0.9686 -0.1821
vn 0.1434 0.9742 -0.1744
vn 0.1444 0.9774 -0.1541
vn 0.1490 0.9800 -0.1323
vn 0.1544 0.9820 -0.1091
vn 0.2032 0.9737 -0.1034
vn 0.1903 0.9759 -0.1065
vn 0.1911 0.9758 -0.1064
vn 0.2038 0.9736 -0.1032
vn 0.1866 0.9773 -0.0998
vn 0.1843 0.9751 -0.1236
vn 0.1797 0.9722 -0.1502
vn 0.0984 0.8901 -0.4450
vn 0.0981 0.8904 -0.4446
vn 0.0956 0.8936 -0.4386
vn 0.0841 0.9325 -0.3513
vn 0.0758 0.9423 -0.3260
vn 0.0861 0.9296 -0.3584
vn 0.0955 0.8939 -0.4380
vn 0.0932 0.8824 -0.4612
vn 0.0752 0.9568 -0.2809
vn 0.0699 0.9586 -0.2761
vn 0.0692 0.9589 -0.2753
vn 0.0865 0.9270 -0.3650
vn 0.0584 0.9670 -0.2480
vn 0.0694 0.9600 -0.2714
vn 0.0584 0.9627 -0.2643
vn 0.0820 0.9507 -0.2992
vn 0.0893 0.9485 -0.3040
vn 0.0793 0.9518 -0.2963
vn 0.0748 0.9545 -0.2887
vn 0.0990 0.9221 -0.3741
vn 0.0737 0.9551 -0.2870
vn 0.1114 0.8917 -0.4386
vn -0.0132 0.9997 0.0213
vn -0.0047 0.9997 -0.0230
vn -0.0061 1.0000 0.0075
vn 0.0095 0.9998 -0.0190
vn 0.0034 0.9992 -0.0392
vn -0.0034 0.9986 -0.0524
vn 0.0023 0.9988 -0.0487
vn -0.0492 0.9864 0.1569
vn -0.0017 0.9983 -0.0584
vn -0.0042 0.9981 -0.0617
vn -0.0016 0.9985 -0.0554
vn 0.0010 0.9984 -0.0572
vn 0.0008 0.9981 -0.0610
vn -0.0022 0.9986 -0.0523
vn 0.0159 0.9989 -0.0435
vn 0.0153 0.9989 -0.0432
vn 0.0036 0.9989 -0.0472
vn 0.0016 0.9993 0.0383
vn 0.0034 0.9988 -0.0478
vn 0.0275 0.9939 0.1067
vn 0.0071 0.9935 0.1136
vn 0.0100 0.9974 0.0707
vn 0.0153 0.9997 0.0184
vn 0.0212 0.9650 0.2614
vn 0.0106 0.9922 0.1239
vn -0.0011 0.9647 0.2632
vn 0.0460 0.9988 0.0169
vn 0.0383 0.9992 0.0123
vn 0.0453 0.9988 0.0166
vn 0.0553 0.9984 0.0119
vn 0.0378 0.9992 0.0125
vn 0.0362 0.9459 0.3224
vn 0.0112 0.9995 -0.0301
vn -0.0056 0.9999 -0.0085
vn 0.0328 0.9995 -0.0038
vn -0.0000 0.9999 0.0160
vn -0.0041 0.9999 0.0121
vn -0.0040 0.9999 0.0123
vn -0.0000 0.9405 0.3397
vn -0.0056 0.9405 0.3397
vn -0.0052 1.0000 0.0084
vn 0.0496 0.9958 0.0764
vn 0.0868 0.9950 0.0497
vn 0.0569 0.9812 0.1844
vn 0.0380 0.9985 -0.0384
vn 0.0641 0.9974 -0.0341
vn 0.0248 0.9974 0.0671
vn 0.1090 0.9931 -0.0425
vn 0.0896 0.9957 -0.0230
vn 0.0977 0.9946 -0.0341
vn 0.0556 0.9984 0.0117
vn 0.0383 0.9566 0.2887
vn 0.0718 0.9974 -0.0023
vn 0.1143 0.9850 0.1293
vn 0.2114 0.9774 0.0051
vn 0.1964 0.9803 -0.0206
vn 0.1465 0.9892 0.0020
vn 0.0995 0.9945 0.0325
vn 0.0603 0.9957 0.0696
vn 0.0910 0.9952 -0.0356
vn 0.1047 0.9935 -0.0454
vn 0.0700 0.9970 -0.0342
vn 0.0822 0.9957 -0.0417
vn 0.0904 0.9957 -0.0182
vn 0.1071 0.9934 -0.0411
vn 0.1207 0.9914 -0.0514
vn 0.1351 0.9891 -0.0593
vn 0.1184 0.9915 -0.0533
vn 0.0966 0.9941 -0.0494
vn 0.0690 0.9965 -0.0480
vn 0.0517 0.9977 -0.0427
vn 0.0531 0.9976 -0.0433
vn 0.0466 0.9981 -0.0403
vn 0.0442 0.9983 -0.0381
vn 0.0391 0.9988 -0.0305
vn 0.0381 0.9989 -0.0289
vn 0.0562 0.9983 -0.0167
vn 0.0739 0.9972 -0.0134
vn 0.0072 0.9975 -0.0708
vn 0.0126 0.9975 -0.0700
vn 0.0099 0.9977 -0.0669
vn 0.0037 0.9977 -0.0678
vn 0.0215 0.9973 -0.0698
vn 0.0265 0.9973 -0.0686
vn 0.0059 0.9979 -0.0641
vn 0.0008 0.9979 -0.0645
vn 0.0130 0.9978 -0.0647
vn 0.0255 0.9976 -0.0641
vn 0.0096 0.9971 -0.0758
vn 0.0113 0.9972 -0.0745
vn 0.0047 0.9974 -0.0719
vn 0.0152 0.9972 -0.0738
vn 0.0225 0.9970 -0.0736
vn 0.0271 0.9971 -0.0716
vn 0.0272 0.9973 -0.0684
vn 0.0269 0.9973 -0.0681
vn 0.0258 0.9976 -0.0646
vn 0.0092 0.9981 -0.0604
vn 0.0224 0.9980 -0.0591
vn 0.0156 0.9981 -0.0598
vn 0.0089 0.9981 -0.0604
vn -0.0010 0.9980 -0.0631
vn 0.0012 0.9976 -0.0687
vn 0.1004 0.9921 -0.0748
vn 0.0966 0.9924 -0.0758
vn 0.1005 0.9925 -0.0697
vn 0.1052 0.9920 -0.0700
vn 0.0961 0.9926 -0.0736
vn 0.0963 0.9927 -0.0733
vn 0.1049 0.9922 -0.0668
vn 0.1071 0.9920 -0.0674
vn 0.0957 0.9932 -0.0656
vn 0.0867 0.9932 -0.0782
vn 0.0913 0.9926 -0.0796
vn 0.0994 0.9923 -0.0743
vn 0.0871 0.9929 -0.0811
vn 0.0878 0.9930 -0.0791
vn 0.0645 0.9945 -0.0830
vn 0.0644 0.9945 -0.0831
vn 0.0719 0.9944 -0.0773
vn 0.0719 0.9944 -0.0774
vn 0.0744 0.9945 -0.0740
vn 0.0757 0.9947 -0.0697
vn 0.0761 0.9950 -0.0649
vn 0.0684 0.9966 -0.0456
vn 0.0860 0.9950 -0.0501
vn 0.0851 0.9951 -0.0495
vn 0.0938 0.9941 -0.0539
vn 0.0955 0.9939 -0.0547
vn 0.1067 0.9926 -0.0586
vn 0.1030 0.9929 -0.0592
vn 0.1071 0.9925 -0.0591
vn 0.1053 0.9923 -0.0659
vn 0.0069 0.9968 -0.0796
vn 0.0056 0.9968 -0.0791
vn 0.0032 0.9974 -0.0722
vn 0.0037 0.9973 -0.0736
vn 0.0033 0.9969 -0.0788
vn 0.0021 0.9975 -0.0713
vn 0.0016 0.9977 -0.0679
vn 0.0014 0.9975 -0.0710
vn 0.0012 0.9978 -0.0667
vn 0.0119 0.9964 -0.0841
vn 0.0078 0.9964 -0.0841
vn 0.0125 0.9967 -0.0799
vn 0.0062 0.9964 -0.0840
vn 0.0036 0.9965 -0.0840
vn -0.0000 0.9965 -0.0840
vn -0.0000 0.9969 -0.0788
vn -0.0000 0.9975 -0.0711
vn -0.0000 0.9978 -0.0663
vn -0.0017 0.9989 -0.0472
vn -0.0000 0.9989 -0.0461
vn -0.0016 0.9989 -0.0471
vn -0.0023 0.9988 -0.0485
vn -0.0043 0.9986 -0.0522
vn -0.0046 0.9986 -0.0526
vn -0.0016 0.9982 -0.0595
vn -0.0020 0.9983 -0.0576
vn 0.0023 0.9974 -0.0723
vn 0.1746 0.9822 -0.0700
vn 0.1518 0.9863 -0.0644
vn 0.1618 0.9851 -0.0586
vn 0.1371 0.9891 -0.0535
vn 0.2155 0.9722 -0.0915
vn 0.2095 0.9740 -0.0862
vn 0.2031 0.9763 -0.0745
vn 0.2092 0.9744 -0.0821
vn 0.1913 0.9783 -0.0800
vn 0.1703 0.9826 -0.0737
vn 0.1512 0.9863 -0.0664
vn 0.1346 0.9892 -0.0580
vn 0.1203 0.9916 -0.0475
vn 0.1050 0.9941 -0.0258
vn 0.1243 0.9917 -0.0335
vn 0.1529 0.9874 -0.0409
vn 0.1874 0.9811 -0.0474
vn 0.2014 0.9769 -0.0721
vn 0.1955 0.9787 -0.0628
vn 0.1948 0.9789 -0.0616
vn 0.2536 0.9649 -0.0678
vn 0.2625 0.9633 -0.0556
vn 0.2332 0.9694 -0.0766
vn 0.2314 0.9698 -0.0774
vn 0.2245 0.9712 -0.0799
vn 0.2220 0.9716 -0.0820
vn 0.2279 0.9709 -0.0739
vn 0.2302 0.9711 -0.0621
vn 0.2293 0.9708 -0.0708
vn 0.2303 0.9712 -0.0604
vn 0.2278 0.9727 -0.0451
vn 0.2524 0.9669 -0.0366
vn 0.1607 0.9839 -0.0780
vn 0.1518 0.9849 -0.0832
vn 0.1536 0.9847 -0.0821
vn 0.1847 0.9796 -0.0793
vn 0.1831 0.9792 -0.0874
vn 0.1909 0.9773 -0.0921
vn 0.1742 0.9807 -0.0887
vn 0.1349 0.9883 -0.0715
vn 0.1244 0.9893 -0.0761
vn 0.1262 0.9891 -0.0754
vn 0.1526 0.9850 -0.0811
vn 0.1720 0.9810 -0.0899
vn 0.1926 0.9768 -0.0932
vn 0.2088 0.9743 -0.0849
vn 0.2112 0.9729 -0.0944
vn 0.2099 0.9736 -0.0893
vn 0.2086 0.9744 -0.0838
vn 0.2342 0.9684 -0.0863
vn 0.2349 0.9677 -0.0910
vn 0.2325 0.9680 -0.0942
vn 0.2244 0.9704 -0.0892
vn 0.2121 0.9731 -0.0902
vn 0.2221 0.9708 -0.0901
vn 0.2175 0.9709 -0.1001
vn 0.2245 0.9697 -0.0959
vn 0.2222 0.9704 -0.0945
vn 0.2105 0.9734 -0.0902
vn 0.2059 0.9749 -0.0846
vn 0.2126 0.9727 -0.0929
vn 0.2069 0.9746 -0.0857
vn 0.1991 0.9764 -0.0832
vn 0.2040 0.9758 -0.0793
vn 0.1878 0.9787 -0.0826
vn 0.1971 0.9768 -0.0836
vn 0.1865 0.9790 -0.0824
vn 0.1698 0.9826 -0.0756
vn 0.1915 0.9779 -0.0838
vn 0.2098 0.9736 -0.0903
vn 0.2141 0.9722 -0.0945
vn 0.0332 0.9966 -0.0758
vn 0.0268 0.9965 -0.0790
vn 0.0241 0.9968 -0.0765
vn 0.0199 0.9966 -0.0795
vn 0.0197 0.9968 -0.0777
vn 0.0376 0.9971 -0.0662
vn 0.0374 0.9971 -0.0661
vn 0.0310 0.9972 -0.0678
vn 0.0302 0.9972 -0.0681
vn 0.0272 0.9972 -0.0700
vn 0.0457 0.9957 -0.0812
vn 0.0479 0.9958 -0.0781
vn 0.0480 0.9958 -0.0781
vn 0.0329 0.9959 -0.0847
vn 0.0241 0.9962 -0.0840
vn 0.0297 0.9962 -0.0816
vn 0.0176 0.9963 -0.0841
vn 0.0267 0.9972 -0.0703
vn 0.0360 0.9981 -0.0506
vn 0.0288 0.9981 -0.0554
vn 0.0304 0.9981 -0.0543
vn 0.0407 0.9981 -0.0463
vn 0.0373 0.9981 -0.0496
vn 0.0459 0.9979 -0.0453
vn 0.0412 0.9980 -0.0469
vn 0.0510 0.9977 -0.0445
vn 0.0514 0.9962 -0.0701
vn 0.0514 0.9962 -0.0700
vn 0.0526 0.9965 -0.0651
vn 0.0343 0.9818 -0.1869
vn 0.0313 0.9825 -0.1836
vn 0.0312 0.9827 -0.1823
vn 0.0315 0.9822 -0.1852
vn 0.0316 0.9836 -0.1775
vn 0.0328 0.9867 -0.1593
vn 0.0270 0.9871 -0.1577
vn 0.0243 0.9874 -0.1561
vn 0.0274 0.9871 -0.1579
vn 0.0234 0.9877 -0.1548
vn 0.0229 0.9878 -0.1539
vn 0.0399 0.9736 -0.2247
vn 0.0366 0.9739 -0.2238
vn 0.0355 0.9745 -0.2217
vn 0.0371 0.9738 -0.2242
vn 0.0368 0.9755 -0.2168
vn 0.0367 0.9755 -0.2168
vn 0.0338 0.9772 -0.2096
vn 0.0350 0.9765 -0.2125
vn 0.0333 0.9775 -0.2084
vn 0.0318 0.9836 -0.1773
vn 0.0221 0.9879 -0.1534
vn 0.0102 0.9884 -0.1515
vn 0.0201 0.9905 -0.1357
vn 0.0174 0.9907 -0.1351
vn 0.0113 0.9909 -0.1342
vn 0.0179 0.9907 -0.1351
vn 0.0247 0.9903 -0.1366
vn 0.0204 0.9905 -0.1359
vn 0.0324 0.9900 -0.1375
vn 0.0254 0.9903 -0.1367
vn 0.0428 0.9894 -0.1386
vn 0.0334 0.9899 -0.1377
vn 0.0414 0.9862 -0.1606
vn 0.0337 0.9866 -0.1595
vn 0.0401 0.9813 -0.1880
vn 0.0351 0.9817 -0.1872
vn 0.0041 0.9850 -0.1725
vn 0.0045 0.9841 -0.1775
vn 0.0045 0.9836 -0.1804
vn 0.0044 0.9842 -0.1768
vn 0.0033 0.9834 -0.1814
vn 0.0034 0.9834 -0.1814
vn 0.0093 0.9884 -0.1515
vn 0.0075 0.9880 -0.1541
vn 0.0066 0.9880 -0.1545
vn 0.0086 0.9881 -0.1534
vn 0.0046 0.9879 -0.1549
vn 0.0047 0.9879 -0.1548
vn 0.0034 0.9795 -0.2016
vn 0.0030 0.9792 -0.2029
vn 0.0012 0.9781 -0.2083
vn 0.0011 0.9777 -0.2099
vn 0.0019 0.9766 -0.2149
vn 0.0017 0.9765 -0.2155
vn 0.0016 0.9762 -0.2167
vn -0.0000 0.9759 -0.2182
vn -0.0000 0.9833 -0.1821
vn -0.0000 0.9879 -0.1551
vn 0.0046 0.9910 -0.1340
vn -0.0000 0.9910 -0.1339
vn 0.0048 0.9910 -0.1340
vn 0.0081 0.9909 -0.1341
vn 0.0069 0.9909 -0.1341
vn 0.0101 0.9909 -0.1343
vn 0.0103 0.9909 -0.1343
vn 0.0041 0.9851 -0.1719
vn 0.0588 0.9957 -0.0711
vn 0.0587 0.9957 -0.0712
vn 0.0620 0.9958 -0.0670
vn 0.0621 0.9958 -0.0668
vn 0.0750 0.9946 -0.0721
vn 0.0749 0.9946 -0.0721
vn 0.0846 0.9942 -0.0658
vn 0.0784 0.9944 -0.0704
vn 0.0656 0.9962 -0.0569
vn 0.0638 0.9959 -0.0643
vn 0.0919 0.9941 -0.0577
vn 0.0855 0.9942 -0.0646
vn 0.0399 0.9963 -0.0766
vn 0.0413 0.9965 -0.0722
vn 0.0422 0.9966 -0.0704
vn 0.0423 0.9966 -0.0703
vn 0.0539 0.9955 -0.0775
vn 0.0565 0.9957 -0.0730
vn 0.0700 0.9946 -0.0764
vn 0.0698 0.9946 -0.0765
vn 0.0825 0.9936 -0.0775
vn 0.0894 0.9933 -0.0732
vn 0.0935 0.9930 -0.0718
vn 0.1022 0.9926 -0.0662
vn 0.1113 0.9920 -0.0590
vn 0.0925 0.9941 -0.0568
vn 0.0655 0.9962 -0.0566
vn 0.0434 0.9970 -0.0644
vn 0.0433 0.9972 -0.0611
vn 0.0426 0.9974 -0.0577
vn 0.0435 0.9967 -0.0685
vn 0.0436 0.9968 -0.0666
vn 0.0665 0.9789 -0.1931
vn 0.0744 0.9782 -0.1939
vn 0.0823 0.9775 -0.1940
vn 0.0726 0.9783 -0.1939
vn 0.0831 0.9775 -0.1940
vn 0.0795 0.9787 -0.1894
vn 0.0575 0.9851 -0.1619
vn 0.0644 0.9845 -0.1628
vn 0.0695 0.9842 -0.1630
vn 0.0629 0.9847 -0.1626
vn 0.0701 0.9841 -0.1629
vn 0.0698 0.9844 -0.1617
vn 0.0687 0.9709 -0.2294
vn 0.0752 0.9699 -0.2314
vn 0.0819 0.9691 -0.2327
vn 0.0732 0.9702 -0.2308
vn 0.0962 0.9674 -0.2343
vn 0.0954 0.9676 -0.2338
vn 0.0951 0.9694 -0.2265
vn 0.0948 0.9696 -0.2254
vn 0.0948 0.9698 -0.2248
vn 0.0790 0.9788 -0.1888
vn 0.0690 0.9845 -0.1613
vn 0.0630 0.9851 -0.1601
vn 0.0638 0.9883 -0.1386
vn 0.0661 0.9880 -0.1393
vn 0.0648 0.9881 -0.1395
vn 0.0660 0.9881 -0.1391
vn 0.0579 0.9888 -0.1376
vn 0.0629 0.9884 -0.1385
vn 0.0503 0.9894 -0.1364
vn 0.0564 0.9889 -0.1374
vn 0.0432 0.9898 -0.1354
vn 0.0486 0.9895 -0.1361
vn 0.0511 0.9856 -0.1611
vn 0.0558 0.9853 -0.1617
vn 0.0601 0.9796 -0.1920
vn 0.0646 0.9791 -0.1927
vn 0.0563 0.9815 -0.1829
vn 0.0474 0.9817 -0.1846
vn 0.0456 0.9813 -0.1869
vn 0.0491 0.9817 -0.1838
vn 0.0448 0.9813 -0.1874
vn 0.0412 0.9813 -0.1881
vn 0.0614 0.9852 -0.1598
vn 0.0548 0.9856 -0.1602
vn 0.0503 0.9857 -0.1608
vn 0.0560 0.9855 -0.1601
vn 0.0491 0.9857 -0.1610
vn 0.0427 0.9861 -0.1606
vn 0.0514 0.9764 -0.2099
vn 0.0495 0.9762 -0.2114
vn 0.0443 0.9756 -0.2151
vn 0.0429 0.9751 -0.2174
vn 0.0429 0.9742 -0.2215
vn 0.0425 0.9740 -0.2227
vn 0.0406 0.9736 -0.2244
vn 0.0523 0.9888 -0.1396
vn 0.0440 0.9893 -0.1390
vn 0.0595 0.9884 -0.1397
vn 0.0534 0.9888 -0.1396
vn 0.0642 0.9881 -0.1395
vn 0.0603 0.9884 -0.1397
vn 0.0580 0.9814 -0.1827
vn 0.0128 0.9972 -0.0737
vn 0.0048 0.9971 -0.0759
vn 0.0101 0.9977 -0.0666
vn 0.0302 0.9966 -0.0766
vn 0.0063 0.9972 -0.0749
vn 0.0020 0.9976 -0.0690
vn 0.0015 0.9981 -0.0611
vn 0.0048 0.9984 -0.0567
vn 0.0073 0.9980 -0.0623
vn 0.0081 0.9980 -0.0632
vn 0.0084 0.9979 -0.0635
vn 0.0199 0.9972 -0.0717
vn 0.0198 0.9972 -0.0719
vn 0.0196 0.9972 -0.0721
vn 0.0194 0.9972 -0.0724
vn 0.0160 0.9968 -0.0779
vn 0.0082 0.9966 -0.0825
vn 0.0126 0.9969 -0.0773
vn 0.0182 0.9965 -0.0818
vn 0.0091 0.9967 -0.0812
vn 0.0348 0.9965 -0.0760
vn 0.0122 0.9968 -0.0787
vn 0.0192 0.9988 -0.0444
vn 0.0208 0.9985 -0.0502
vn 0.0195 0.9988 -0.0456
vn 0.0235 0.9984 -0.0523
vn 0.0216 0.9984 -0.0516
vn 0.0077 0.9985 -0.0549
vn 0.0454 0.9974 -0.0565
vn 0.0440 0.9970 -0.0636
vn 0.0452 0.9973 -0.0576
vn 0.0491 0.9964 -0.0684
vn 0.0450 0.9969 -0.0653
vn 0.0240 0.9983 -0.0525
vn 0.0656 0.9951 -0.0740
vn 0.0636 0.9952 -0.0741
vn 0.0554 0.9957 -0.0744
vn 0.0533 0.9958 -0.0739
vn 0.0517 0.9961 -0.0719
vn 0.0502 0.9963 -0.0693
vn 0.0529 0.9960 -0.0714
vn 0.0527 0.9960 -0.0715
vn 0.0514 0.9961 -0.0716
vn 0.0340 0.9967 -0.0743
vn 0.0560 0.9798 -0.1918
vn 0.0544 0.9802 -0.1906
vn 0.0546 0.9805 -0.1890
vn 0.0547 0.9801 -0.1909
vn 0.0542 0.9807 -0.1880
vn 0.0520 0.9814 -0.1850
vn 0.0521 0.9850 -0.1646
vn 0.0486 0.9854 -0.1631
vn 0.0480 0.9856 -0.1622
vn 0.0494 0.9853 -0.1634
vn 0.0475 0.9857 -0.1617
vn 0.0461 0.9860 -0.1605
vn 0.0689 0.9694 -0.2354
vn 0.0642 0.9703 -0.2332
vn 0.0630 0.9710 -0.2307
vn 0.0654 0.9700 -0.2342
vn 0.0627 0.9713 -0.2293
vn 0.0631 0.9722 -0.2254
vn 0.0632 0.9725 -0.2240
vn 0.0605 0.9744 -0.2166
vn 0.0599 0.9747 -0.2152
vn 0.0506 0.9816 -0.1839
vn 0.0455 0.9822 -0.1822
vn 0.0454 0.9861 -0.1600
vn 0.0432 0.9863 -0.1591
vn 0.0426 0.9891 -0.1408
vn 0.0406 0.9894 -0.1393
vn 0.0388 0.9897 -0.1381
vn 0.0413 0.9893 -0.1398
vn 0.0443 0.9888 -0.1426
vn 0.0431 0.9890 -0.1413
vn 0.0446 0.9888 -0.1427
vn 0.0582 0.9870 -0.1499
vn 0.0498 0.9880 -0.1459
vn 0.0517 0.9886 -0.1414
vn 0.0594 0.9842 -0.1666
vn 0.0537 0.9848 -0.1652
vn 0.0611 0.9794 -0.1924
vn 0.0571 0.9797 -0.1920
vn 0.0445 0.9822 -0.1824
vn 0.0460 0.9815 -0.1860
vn 0.0511 0.9806 -0.1890
vn 0.0447 0.9818 -0.1848
vn 0.0533 0.9803 -0.1899
vn 0.0583 0.9798 -0.1914
vn 0.0426 0.9864 -0.1590
vn 0.0428 0.9863 -0.1596
vn 0.0450 0.9860 -0.1603
vn 0.0425 0.9864 -0.1591
vn 0.0462 0.9859 -0.1606
vn 0.0497 0.9857 -0.1610
vn 0.0447 0.9767 -0.2099
vn 0.0453 0.9763 -0.2115
vn 0.0475 0.9749 -0.2173
vn 0.0499 0.9743 -0.2196
vn 0.0578 0.9727 -0.2246
vn 0.0606 0.9723 -0.2260
vn 0.0667 0.9712 -0.2286
vn 0.0388 0.9900 -0.1354
vn 0.0418 0.9899 -0.1353
vn 0.0373 0.9900 -0.1361
vn 0.0381 0.9900 -0.1356
vn 0.0383 0.9897 -0.1377
vn 0.0373 0.9899 -0.1365
vn 0.1964 0.9688 -0.1512
vn 0.1578 0.9770 -0.1435
vn 0.1569 0.9771 -0.1436
vn 0.1563 0.9772 -0.1437
vn 0.2010 0.9705 -0.1333
vn 0.1559 0.9801 -0.1225
vn 0.1552 0.9804 -0.1210
vn 0.1546 0.9807 -0.1198
vn 0.2332 0.9556 -0.1803
vn 0.1773 0.9697 -0.1679
vn 0.1491 0.9752 -0.1635
vn 0.1491 0.9751 -0.1640
vn 0.1509 0.9743 -0.1675
vn 0.1512 0.9742 -0.1678
vn 0.1562 0.9772 -0.1436
vn 0.1545 0.9807 -0.1197
vn 0.1434 0.9845 -0.1012
vn 0.1486 0.9840 -0.0978
vn 0.1483 0.9841 -0.0979
vn 0.1433 0.9845 -0.1014
vn 0.1870 0.9760 -0.1118
vn 0.2931 0.9443 -0.1497
vn 0.2705 0.9479 -0.1683
vn 0.1461 0.9662 -0.2124
vn 0.1530 0.9671 -0.2031
vn 0.1475 0.9664 -0.2106
vn 0.1171 0.9735 -0.1966
vn 0.1164 0.9732 -0.1982
vn 0.1188 0.9743 -0.1913
vn 0.1181 0.9736 -0.1955
vn 0.1543 0.9673 -0.2013
vn 0.1262 0.9726 -0.1951
vn 0.1233 0.9741 -0.1895
vn 0.1877 0.9480 -0.2570
vn 0.1367 0.9641 -0.2275
vn 0.1170 0.9705 -0.2107
vn 0.1172 0.9711 -0.2080
vn 0.1174 0.9711 -0.2077
vn 0.1182 0.9726 -0.2004
vn 0.1255 0.9724 -0.1966
vn 0.1268 0.9723 -0.1961
vn 0.1358 0.9741 -0.1806
vn 0.1398 0.9723 -0.1873
vn 0.1393 0.9726 -0.1864
vn 0.1353 0.9744 -0.1797
vn 0.1614 0.9693 -0.1855
vn 0.2161 0.9550 -0.2033
vn 0.2205 0.9491 -0.2248
vn 0.2082 0.9485 -0.2387
vn 0.1640 0.9552 -0.2464
vn 0.1706 0.9545 -0.2444
vn 0.1779 0.9565 -0.2314
vn 0.1737 0.9547 -0.2416
vn 0.1877 0.9456 -0.2658
vn 0.1885 0.9475 -0.2584
vn 0.1874 0.9487 -0.2545
vn 0.1798 0.9557 -0.2329
vn 0.1777 0.9563 -0.2322
vn 0.1802 0.9556 -0.2330
vn 0.1255 0.9662 -0.2252
vn 0.1329 0.9655 -0.2239
vn 0.1441 0.9644 -0.2219
vn 0.1377 0.9650 -0.2230
vn 0.1618 0.9554 -0.2471
vn 0.1878 0.9449 -0.2681
vn 0.1880 0.9449 -0.2681
vn 0.1894 0.9447 -0.2679
vn 0.1763 0.9535 -0.2445
vn 0.1609 0.9626 -0.2181
vn 0.1488 0.9695 -0.1949
vn 0.1775 0.9612 -0.2111
vn 0.1721 0.9628 -0.2082
vn 0.1730 0.9625 -0.2087
vn 0.1785 0.9609 -0.2116
vn 0.1653 0.9651 -0.2033
vn 0.1480 0.9640 -0.2209
vn 0.1548 0.9636 -0.2182
vn 0.1566 0.9634 -0.2174
vn 0.0936 0.9942 -0.0533
vn 0.0889 0.9946 -0.0530
vn 0.0918 0.9943 -0.0544
vn 0.1023 0.9931 -0.0572
vn 0.0938 0.9941 -0.0537
vn 0.0907 0.9944 -0.0551
vn 0.0947 0.9937 -0.0598
vn 0.1043 0.9923 -0.0663
vn 0.0985 0.9935 -0.0576
vn 0.0916 0.9942 -0.0557
vn 0.0910 0.9944 -0.0541
vn 0.0906 0.9945 -0.0533
vn 0.1286 0.9903 -0.0523
vn 0.1281 0.9904 -0.0523
vn 0.1280 0.9903 -0.0547
vn 0.1280 0.9904 -0.0524
vn 0.1306 0.9896 -0.0599
vn 0.1283 0.9902 -0.0552
vn 0.1374 0.9881 -0.0686
vn 0.1313 0.9895 -0.0613
vn 0.1381 0.9880 -0.0694
vn 0.1050 0.9922 -0.0668
vn 0.1060 0.9921 -0.0665
vn 0.1332 0.9885 -0.0722
vn 0.1120 0.9914 -0.0675
vn 0.1086 0.9921 -0.0621
vn 0.1006 0.9932 -0.0586
vn 0.0939 0.9941 -0.0544
vn 0.0953 0.9936 -0.0602
vn 0.1613 0.9829 -0.0888
vn 0.1268 0.9886 -0.0818
vn 0.1419 0.9867 -0.0791
vn 0.1363 0.9885 -0.0655
vn 0.1323 0.9895 -0.0574
vn 0.1359 0.9886 -0.0651
vn 0.1294 0.9902 -0.0529
vn 0.1319 0.9896 -0.0566
vn 0.0917 0.9942 -0.0559
vn 0.2120 0.9749 -0.0675
vn 0.2115 0.9750 -0.0679
vn 0.2014 0.9770 -0.0695
vn 0.2007 0.9772 -0.0694
vn 0.2148 0.9749 -0.0578
vn 0.2143 0.9751 -0.0578
vn 0.2060 0.9767 -0.0597
vn 0.2054 0.9768 -0.0598
vn 0.1874 0.9790 -0.0803
vn 0.2088 0.9745 -0.0826
vn 0.2081 0.9746 -0.0822
vn 0.1970 0.9768 -0.0844
vn 0.1964 0.9768 -0.0849
vn 0.1587 0.9835 -0.0871
vn 0.1629 0.9841 -0.0714
vn 0.1687 0.9837 -0.0630
vn 0.1633 0.9840 -0.0708
vn 0.1770 0.9825 -0.0583
vn 0.1696 0.9836 -0.0620
vn 0.2176 0.9746 -0.0531
vn 0.2115 0.9758 -0.0551
vn 0.2180 0.9745 -0.0530
vn 0.1872 0.9807 -0.0563
vn 0.1874 0.9809 -0.0523
vn 0.1871 0.9802 -0.0654
vn 0.1870 0.9807 -0.0571
vn 0.1874 0.9801 -0.0659
vn 0.1423 0.9006 -0.4107
vn 0.1364 0.9191 -0.3697
vn 0.1680 0.9323 -0.3203
vn 0.1339 0.9487 -0.2866
vn 0.1312 0.9411 -0.3116
vn 0.1279 0.9104 -0.3935
vn 0.1303 0.8926 -0.4317
vn 0.1430 0.8751 -0.4623
vn 0.1424 0.8757 -0.4613
vn 0.1391 0.8795 -0.4551
vn 0.0911 0.9480 -0.3051
vn 0.1111 0.9456 -0.3058
vn 0.1164 0.9181 -0.3789
vn 0.1822 0.9416 -0.2831
vn 0.1822 0.9417 -0.2827
vn 0.1823 0.9417 -0.2829
vn 0.1816 0.9430 -0.2789
vn 0.1463 0.9441 -0.2953
vn 0.1228 0.9651 -0.2315
vn 0.1236 0.9658 -0.2279
vn 0.1216 0.9638 -0.2373
vn 0.1463 0.9572 -0.2498
vn 0.1675 0.9413 -0.2931
vn 0.1523 0.9261 -0.3452
vn 0.1306 0.9574 -0.2574
vn 0.1408 0.8797 -0.4543
vn 0.1403 0.8797 -0.4543
vn 0.1388 0.8801 -0.4541
vn 0.1428 0.9026 -0.4061
vn 0.1094 0.9921 -0.0607
vn 0.1141 0.9913 -0.0663
vn 0.1185 0.9905 -0.0702
vn 0.1154 0.9910 -0.0677
vn 0.1317 0.9893 -0.0634
vn 0.1384 0.9879 -0.0693
vn 0.1440 0.9869 -0.0732
vn 0.1400 0.9876 -0.0706
vn 0.1213 0.9900 -0.0721
vn 0.1193 0.9903 -0.0708
vn 0.1460 0.9866 -0.0732
vn 0.1448 0.9867 -0.0736
vn 0.0835 0.9947 -0.0601
vn 0.0843 0.9943 -0.0650
vn 0.0837 0.9946 -0.0610
vn 0.1086 0.9923 -0.0597
vn 0.1307 0.9894 -0.0626
vn 0.1496 0.9864 -0.0681
vn 0.1602 0.9843 -0.0743
vn 0.1509 0.9862 -0.0688
vn 0.1684 0.9827 -0.0774
vn 0.1623 0.9839 -0.0755
vn 0.1718 0.9822 -0.0754
vn 0.1696 0.9825 -0.0775
vn 0.1702 0.9830 -0.0693
vn 0.1719 0.9823 -0.0744
vn 0.1428 0.9873 -0.0703
vn 0.1457 0.9866 -0.0729
vn 0.1181 0.9903 -0.0726
vn 0.1213 0.9900 -0.0724
vn 0.0890 0.9936 -0.0692
vn 0.0936 0.9931 -0.0709
vn 0.0927 0.9929 -0.0751
vn 0.0943 0.9930 -0.0714
vn 0.0849 0.9942 -0.0662
vn 0.0876 0.9938 -0.0683
vn 0.1174 0.9904 -0.0727
vn 0.1099 0.9914 -0.0705
vn 0.1097 0.9915 -0.0699
vn 0.1035 0.9924 -0.0672
vn 0.1420 0.9874 -0.0697
vn 0.1356 0.9885 -0.0668
vn 0.1273 0.9898 -0.0643
vn 0.1348 0.9886 -0.0663
vn 0.1031 0.9924 -0.0670
vn 0.0982 0.9929 -0.0670
vn 0.1184 0.9909 -0.0642
vn 0.1266 0.9899 -0.0645
vn 0.0921 0.9929 -0.0753
vn 0.0843 0.9938 -0.0731
vn 0.1649 0.9842 -0.0643
vn 0.1696 0.9831 -0.0683
vn 0.1567 0.9857 -0.0613
vn 0.1638 0.9844 -0.0636
vn 0.1465 0.9874 -0.0604
vn 0.1554 0.9860 -0.0611
vn 0.1351 0.9889 -0.0614
vn 0.1450 0.9876 -0.0605
vn 0.1181 0.9909 -0.0642
vn 0.0978 0.9929 -0.0671
vn 0.0779 0.9946 -0.0687
vn 0.0791 0.9945 -0.0693
vn 0.0757 0.9947 -0.0692
vn 0.0688 0.9950 -0.0717
vn 0.0798 0.9944 -0.0697
vn 0.0835 0.9939 -0.0727
vn 0.0717 0.9946 -0.0746
vn 0.0913 0.9933 -0.0713
vn 0.0821 0.9936 -0.0774
vn 0.0911 0.9932 -0.0720
vn 0.0802 0.9927 -0.0897
vn 0.0813 0.9936 -0.0782
vn 0.0540 0.9950 -0.0836
vn 0.0515 0.9954 -0.0809
vn 0.0531 0.9952 -0.0818
vn 0.0568 0.9942 -0.0916
vn 0.0287 0.9963 -0.0814
vn 0.0488 0.9956 -0.0802
vn 0.0675 0.9951 -0.0722
vn 0.0880 0.9937 -0.0698
vn 0.0513 0.9959 -0.0751
vn 0.1239 0.9901 -0.0654
vn 0.1336 0.9891 -0.0618
vn 0.1159 0.9906 -0.0731
vn 0.1226 0.9903 -0.0660
vn 0.1070 0.9921 -0.0659
vn 0.1122 0.9897 -0.0890
vn 0.0800 0.9926 -0.0911
vn 0.1155 0.9906 -0.0736
vn 0.0383 0.9946 -0.0962
vn 0.0311 0.9944 -0.1013
vn 0.0394 0.9947 -0.0953
vn 0.0338 0.9955 -0.0880
vn 0.0322 0.9958 -0.0853
vn 0.0335 0.9956 -0.0874
vn 0.0574 0.9940 -0.0934
vn 0.0279 0.9963 -0.0816
vn 0.0624 0.9900 -0.1262
vn 0.0650 0.9885 -0.1365
vn 0.0626 0.9899 -0.1271
vn 0.0823 0.9882 -0.1291
vn 0.0692 0.9869 -0.1458
vn 0.0656 0.9882 -0.1382
vn 0.0843 0.9861 -0.1433
vn 0.0876 0.9843 -0.1533
vn 0.0848 0.9859 -0.1445
vn 0.0449 0.9929 -0.1102
vn 0.0456 0.9917 -0.1206
vn 0.0451 0.9928 -0.1109
vn 0.0612 0.9919 -0.1111
vn 0.0813 0.9905 -0.1110
vn 0.1109 0.9877 -0.1104
vn 0.1099 0.9853 -0.1311
vn 0.1100 0.9827 -0.1489
vn 0.1121 0.9801 -0.1638
vn 0.0913 0.9824 -0.1631
vn 0.0885 0.9838 -0.1559
vn 0.0727 0.9852 -0.1550
vn 0.0701 0.9865 -0.1479
vn 0.0501 0.9902 -0.1306
vn 0.0551 0.9888 -0.1386
vn 0.0590 0.9870 -0.1492
vn 0.0455 0.9916 -0.1214
vn 0.0495 0.9903 -0.1296
vn 0.0743 0.9826 -0.1705
vn 0.0955 0.9792 -0.1788
vn 0.0641 0.9791 -0.1928
vn 0.0754 0.9780 -0.1943
vn 0.0731 0.9783 -0.1940
vn 0.1008 0.9742 -0.2017
vn 0.0595 0.9868 -0.1505
vn 0.0732 0.9850 -0.1562
vn 0.0918 0.9821 -0.1646
vn 0.1172 0.9771 -0.1775
vn 0.1259 0.9727 -0.1952
vn 0.1383 0.9658 -0.2195
vn 0.1516 0.9569 -0.2479
vn 0.1144 0.9639 -0.2405
vn 0.0846 0.9678 -0.2371
vn 0.0699 0.9693 -0.2358
vn 0.0607 0.9841 -0.1669
vn 0.0277 0.9935 -0.1103
vn 0.0277 0.9936 -0.1099
vn 0.0283 0.9937 -0.1082
vn 0.0218 0.9945 -0.1026
vn 0.0280 0.9941 -0.1046
vn 0.0271 0.9944 -0.1019
vn 0.0122 0.9968 -0.0795
vn 0.0142 0.9967 -0.0802
vn 0.0126 0.9959 -0.0895
vn 0.0185 0.9958 -0.0892
vn 0.0077 0.9963 -0.0850
vn 0.0164 0.9960 -0.0881
vn 0.0226 0.9952 -0.0952
vn 0.0213 0.9947 -0.1002
vn 0.0447 0.9903 -0.1319
vn 0.0440 0.9904 -0.1313
vn 0.0371 0.9918 -0.1224
vn 0.0442 0.9903 -0.1316
vn 0.0386 0.9914 -0.1254
vn 0.0375 0.9918 -0.1225
vn 0.0371 0.9920 -0.1209
vn 0.0316 0.9931 -0.1125
vn 0.0345 0.9923 -0.1190
vn 0.0323 0.9926 -0.1171
vn 0.0353 0.9922 -0.1198
vn 0.0370 0.9919 -0.1217
vn 0.0269 0.9945 -0.1014
vn 0.0155 0.9965 -0.0824
vn 0.0190 0.9960 -0.0873
vn 0.0123 0.9965 -0.0824
vn 0.0170 0.9961 -0.0869
vn 0.0178 0.9960 -0.0877
vn 0.0296 0.9942 -0.1035
vn 0.0312 0.9933 -0.1114
vn 0.0229 0.9953 -0.0940
vn 0.0523 0.9938 -0.0984
vn 0.0529 0.9937 -0.0985
vn 0.0616 0.9931 -0.0997
vn 0.0625 0.9930 -0.0999
vn 0.0689 0.9925 -0.1011
vn 0.0525 0.9949 -0.0859
vn 0.0529 0.9949 -0.0862
vn 0.0596 0.9948 -0.0825
vn 0.0524 0.9950 -0.0856
vn 0.0645 0.9941 -0.0873
vn 0.0711 0.9940 -0.0836
vn 0.0368 0.9928 -0.1136
vn 0.0452 0.9924 -0.1144
vn 0.0530 0.9919 -0.1155
vn 0.0435 0.9925 -0.1144
vn 0.0544 0.9918 -0.1158
vn 0.0612 0.9913 -0.1169
vn 0.0620 0.9912 -0.1173
vn 0.0663 0.9908 -0.1184
vn 0.0668 0.9906 -0.1190
vn 0.0667 0.9907 -0.1189
vn 0.0704 0.9923 -0.1018
vn 0.0712 0.9922 -0.1024
vn 0.0736 0.9934 -0.0885
vn 0.0792 0.9932 -0.0849
vn 0.0400 0.9962 -0.0768
vn 0.0293 0.9961 -0.0838
vn 0.0398 0.9956 -0.0847
vn 0.0392 0.9956 -0.0846
vn 0.0322 0.9948 -0.0963
vn 0.0412 0.9944 -0.0971
vn 0.0404 0.9945 -0.0971
vn 0.0249 0.9942 -0.1043
vn 0.0246 0.9942 -0.1049
vn 0.0220 0.9949 -0.0988
vn 0.0250 0.9943 -0.1040
vn 0.0170 0.9944 -0.1039
vn 0.0170 0.9950 -0.0986
vn 0.0227 0.9957 -0.0899
vn 0.0331 0.9954 -0.0899
vn 0.0170 0.9958 -0.0898
vn 0.0449 0.9918 -0.1200
vn 0.0332 0.9923 -0.1191
vn 0.0250 0.9926 -0.1185
vn 0.0341 0.9923 -0.1195
vn 0.0244 0.9926 -0.1189
vn 0.0192 0.9928 -0.1185
vn 0.0175 0.9928 -0.1183
vn 0.0163 0.9928 -0.1185
vn 0.0159 0.9928 -0.1184
vn 0.0100 0.9930 -0.1178
vn 0.0153 0.9945 -0.1037
vn 0.0120 0.9951 -0.0983
vn 0.0118 0.9959 -0.0897
vn 0.0384 0.9949 -0.0937
vn 0.0412 0.9954 -0.0862
vn 0.0338 0.9939 -0.1046
vn 0.0383 0.9948 -0.0941
vn 0.0483 0.9933 -0.1048
vn 0.0352 0.9939 -0.1046
vn 0.0238 0.9950 -0.0969
vn 0.0239 0.9950 -0.0968
vn 0.0225 0.9957 -0.0902
vn 0.0217 0.9953 -0.0941
vn 0.0263 0.9950 -0.0960
vn 0.0309 0.9949 -0.0961
vn 0.0184 0.9966 -0.0800
vn 0.0158 0.9966 -0.0808
vn 0.0222 0.9963 -0.0835
vn 0.0241 0.9965 -0.0798
vn 0.0316 0.9927 -0.1165
vn 0.0305 0.9929 -0.1149
vn 0.0305 0.9930 -0.1145
vn 0.0313 0.9930 -0.1137
vn 0.0319 0.9930 -0.1137
vn 0.0354 0.9929 -0.1137
vn 0.0272 0.9967 -0.0760
vn 0.0244 0.9948 -0.0987
vn 0.0714 0.9921 -0.1029
vn 0.0682 0.9922 -0.1041
vn 0.0611 0.9926 -0.1049
vn 0.0700 0.9922 -0.1029
vn 0.0603 0.9927 -0.1047
vn 0.0492 0.9932 -0.1050
vn 0.0770 0.9929 -0.0906
vn 0.0758 0.9929 -0.0911
vn 0.0680 0.9934 -0.0923
vn 0.0816 0.9929 -0.0864
vn 0.0674 0.9934 -0.0927
vn 0.0547 0.9942 -0.0930
vn 0.0668 0.9906 -0.1196
vn 0.0636 0.9907 -0.1202
vn 0.0629 0.9907 -0.1204
vn 0.0563 0.9911 -0.1206
vn 0.0554 0.9911 -0.1206
vn 0.0460 0.9917 -0.1204
vn 0.0538 0.9942 -0.0934
vn 0.0609 0.9944 -0.0864
vn 0.0860 0.9928 -0.0835
vn 0.0770 0.9934 -0.0846
vn 0.0087 0.9939 -0.1103
vn 0.0077 0.9946 -0.1036
vn 0.0064 0.9952 -0.0981
vn 0.0081 0.9951 -0.0982
vn 0.0054 0.9931 -0.1167
vn 0.0046 0.9946 -0.1034
vn 0.0037 0.9952 -0.0981
vn 0.0063 0.9960 -0.0897
vn 0.0079 0.9959 -0.0897
vn 0.0036 0.9960 -0.0897
vn 0.0091 0.9931 -0.1173
vn 0.0085 0.9931 -0.1172
vn 0.0060 0.9931 -0.1169
vn 0.0023 0.9932 -0.1168
vn -0.0000 0.9932 -0.1168
vn 0.0021 0.9947 -0.1031
vn -0.0000 0.9947 -0.1031
vn -0.0000 0.9952 -0.0981
vn -0.0000 0.9960 -0.0897
vn -0.0851 0.8692 -0.4870
vn -0.0855 0.8772 -0.4724
vn -0.0754 0.8770 -0.4744
vn -0.0746 0.8770 -0.4747
vn -0.0824 0.9270 -0.3660
vn -0.0821 0.9272 -0.3654
vn -0.0853 0.9251 -0.3701
vn -0.0817 0.9364 -0.3413
vn -0.0682 0.9258 -0.3719
vn -0.0635 0.8659 -0.4962
vn -0.0926 0.8820 -0.4620
vn -0.0872 0.8776 -0.4713
vn -0.0801 0.9553 -0.2845
vn -0.0858 0.9546 -0.2853
vn -0.0815 0.9551 -0.2850
vn -0.0766 0.9564 -0.2820
vn -0.0913 0.9547 -0.2832
vn -0.0953 0.9549 -0.2813
vn -0.0859 0.9250 -0.3701
vn -0.0864 0.9268 -0.3656
vn -0.0774 0.9638 -0.2551
vn -0.0544 0.9621 -0.2672
vn -0.0503 0.9597 -0.2766
vn -0.0533 0.9615 -0.2697
vn -0.0962 0.9549 -0.2809
vn -0.0394 0.9589 -0.2810
vn -0.0428 0.9585 -0.2819
vn -0.0484 0.9590 -0.2792
vn -0.0444 0.9585 -0.2816
vn -0.0536 0.9234 -0.3800
vn -0.0287 0.8746 -0.4840
vn -0.0107 0.8778 -0.4790
vn -0.0255 0.9329 -0.3591
vn -0.0189 0.9456 -0.3247
vn -0.0124 0.9340 -0.3571
vn -0.0090 0.8713 -0.4907
vn -0.0372 0.8697 -0.4922
vn -0.0350 0.9608 -0.2751
vn -0.0385 0.9592 -0.2802
vn -0.0330 0.9645 -0.2620
vn -0.0327 0.9643 -0.2627
vn -0.0387 0.9261 -0.3753
vn -0.0179 0.9712 -0.2376
vn -0.0047 0.9669 -0.2552
vn -0.0032 0.9637 -0.2670
vn -0.0045 0.9664 -0.2570
vn -0.0325 0.9646 -0.2619
vn -0.0029 0.9633 -0.2683
vn -0.0007 0.9620 -0.2731
vn -0.0039 0.9295 -0.3688
vn -0.2219 0.9736 -0.0529
vn -0.2259 0.9725 -0.0562
vn -0.2271 0.9721 -0.0592
vn -0.2226 0.9734 -0.0549
vn -0.2294 0.9713 -0.0629
vn -0.2304 0.9708 -0.0669
vn -0.2287 0.9715 -0.0619
vn -0.2239 0.9729 -0.0570
vn -0.2311 0.9704 -0.0705
vn -0.1880 0.9808 -0.0518
vn -0.1884 0.9807 -0.0520
vn -0.1898 0.9803 -0.0545
vn -0.1879 0.9808 -0.0519
vn -0.1903 0.9802 -0.0552
vn -0.1929 0.9794 -0.0605
vn -0.1937 0.9791 -0.0620
vn -0.1978 0.9777 -0.0702
vn -0.1982 0.9776 -0.0713
vn -0.2325 0.9698 -0.0735
vn -0.2341 0.9686 -0.0838
vn -0.2310 0.9703 -0.0726
vn -0.2302 0.9697 -0.0817
vn -0.2023 0.9773 -0.0635
vn -0.2052 0.9762 -0.0706
vn -0.2047 0.9757 -0.0779
vn -0.2049 0.9763 -0.0691
vn -0.1962 0.9788 -0.0592
vn -0.2015 0.9775 -0.0626
vn -0.1878 0.9805 -0.0574
vn -0.1951 0.9790 -0.0588
vn -0.1783 0.9823 -0.0579
vn -0.1865 0.9808 -0.0572
vn -0.2175 0.9746 -0.0538
vn -0.2178 0.9745 -0.0546
vn -0.2183 0.9744 -0.0532
vn -0.4110 0.8796 -0.2396
vn -0.3790 0.8837 -0.2747
vn -0.2983 0.9304 -0.2130
vn -0.3090 0.9201 -0.2407
vn -0.3622 0.9109 -0.1977
vn -0.2644 0.9208 -0.2866
vn -0.3456 0.8848 -0.3126
vn -0.2947 0.9193 -0.2607
vn -0.1803 0.9720 -0.1507
vn -0.1873 0.9700 -0.1549
vn -0.1880 0.9698 -0.1553
vn -0.1850 0.9749 -0.1238
vn -0.1957 0.9723 -0.1277
vn -0.1964 0.9721 -0.1280
vn -0.1739 0.9722 -0.1565
vn -0.1821 0.9745 -0.1311
vn -0.1731 0.9687 -0.1781
vn -0.1802 0.9664 -0.1831
vn -0.1740 0.9684 -0.1788
vn -0.1797 0.9722 -0.1502
vn -0.1843 0.9751 -0.1236
vn -0.1866 0.9773 -0.0998
vn -0.2038 0.9736 -0.1032
vn -0.1911 0.9758 -0.1064
vn -0.2032 0.9737 -0.1035
vn -0.1903 0.9759 -0.1065
vn -0.1544 0.9820 -0.1091
vn -0.1490 0.9800 -0.1323
vn -0.1444 0.9774 -0.1541
vn -0.1434 0.9742 -0.1744
vn -0.1797 0.9664 -0.1835
vn -0.1708 0.9683 -0.1823
vn -0.1695 0.9686 -0.1821
vn -0.0984 0.8901 -0.4450
vn -0.0956 0.8936 -0.4386
vn -0.0981 0.8904 -0.4446
vn -0.0955 0.8939 -0.4380
vn -0.0861 0.9296 -0.3584
vn -0.0758 0.9423 -0.3260
vn -0.0841 0.9325 -0.3513
vn -0.0932 0.8824 -0.4612
vn -0.1114 0.8917 -0.4386
vn -0.0820 0.9507 -0.2992
vn -0.0748 0.9545 -0.2887
vn -0.0793 0.9518 -0.2963
vn -0.0894 0.9485 -0.3040
vn -0.0737 0.9551 -0.2870
vn -0.0990 0.9221 -0.3741
vn -0.0584 0.9670 -0.2480
vn -0.0584 0.9627 -0.2643
vn -0.0694 0.9600 -0.2714
vn -0.0699 0.9586 -0.2761
vn -0.0752 0.9568 -0.2809
vn -0.0865 0.9270 -0.3650
vn -0.0692 0.9589 -0.2753
vn 0.0132 0.9997 0.0213
vn 0.0061 1.0000 0.0075
vn 0.0047 0.9997 -0.0230
vn -0.0095 0.9998 -0.0190
vn 0.0492 0.9864 0.1569
vn -0.0034 0.9992 -0.0392
vn -0.0159 0.9989 -0.0435
vn -0.0040 0.9984 -0.0571
vn -0.0153 0.9989 -0.0432
vn -0.0029 0.9981 -0.0621
vn 0.0024 0.9987 -0.0518
vn -0.0016 0.9993 0.0383
vn 0.0017 0.9983 -0.0584
vn -0.0010 0.9984 -0.0572
vn 0.0016 0.9985 -0.0554
vn 0.0042 0.9981 -0.0617
vn -0.0032 0.9983 -0.0587
vn -0.0019 0.9988 -0.0491
vn -0.0275 0.9939 0.1067
vn -0.0153 0.9997 0.0184
vn -0.0100 0.9974 0.0707
vn -0.0071 0.9935 0.1136
vn -0.0212 0.9650 0.2614
vn 0.0011 0.9647 0.2632
vn -0.0106 0.9922 0.1239
vn -0.0459 0.9988 0.0166
vn -0.0551 0.9984 0.0117
vn -0.0453 0.9988 0.0166
vn -0.0383 0.9992 0.0123
vn -0.0362 0.9459 0.3224
vn -0.0378 0.9992 0.0125
vn 0.0040 0.9999 0.0123
vn 0.0041 0.9999 0.0121
vn 0.0052 1.0000 0.0084
vn 0.0056 0.9405 0.3397
vn -0.0112 0.9995 -0.0301
vn -0.0328 0.9995 -0.0038
vn 0.0056 0.9999 -0.0085
vn -0.0496 0.9958 0.0764
vn -0.0569 0.9812 0.1844
vn -0.0868 0.9950 0.0497
vn -0.0380 0.9985 -0.0384
vn -0.0248 0.9974 0.0671
vn -0.0641 0.9974 -0.0341
vn -0.0556 0.9984 0.0117
vn -0.0718 0.9974 -0.0023
vn -0.0383 0.9566 0.2887
vn -0.1090 0.9931 -0.0425
vn -0.0977 0.9946 -0.0341
vn -0.0896 0.9957 -0.0230
vn 0.2770 0.5520 0.7865
vn -0.1143 0.9850 0.1293
vn -0.0603 0.9957 0.0696
vn -0.0995 0.9945 0.0325
vn -0.1465 0.9892 0.0019
vn -0.1964 0.9803 -0.0206
vn -0.2114 0.9774 0.0051
vn -0.1889 0.9814 0.0342
vn -0.0910 0.9952 -0.0356
vn -0.0700 0.9970 -0.0342
vn -0.1047 0.9935 -0.0454
vn -0.0822 0.9957 -0.0417
vn -0.0904 0.9957 -0.0182
vn -0.0739 0.9972 -0.0134
vn -0.0562 0.9983 -0.0167
vn -0.0381 0.9989 -0.0289
vn -0.0391 0.9988 -0.0304
vn -0.0442 0.9983 -0.0381
vn -0.0466 0.9981 -0.0403
vn -0.0517 0.9977 -0.0427
vn -0.0531 0.9976 -0.0433
vn -0.0690 0.9965 -0.0480
vn -0.0966 0.9941 -0.0494
vn -0.1184 0.9915 -0.0533
vn -0.1351 0.9891 -0.0593
vn -0.1207 0.9914 -0.0514
vn -0.1071 0.9934 -0.0411
vn -0.0072 0.9975 -0.0708
vn -0.0037 0.9977 -0.0678
vn -0.0099 0.9977 -0.0669
vn -0.0126 0.9975 -0.0700
vn -0.0008 0.9979 -0.0645
vn -0.0067 0.9980 -0.0632
vn -0.0140 0.9977 -0.0667
vn -0.0215 0.9973 -0.0698
vn -0.0108 0.9980 -0.0628
vn -0.0096 0.9971 -0.0758
vn -0.0047 0.9974 -0.0719
vn -0.0113 0.9972 -0.0745
vn -0.0012 0.9976 -0.0687
vn 0.0010 0.9980 -0.0631
vn -0.0261 0.9976 -0.0641
vn -0.0224 0.9980 -0.0591
vn -0.0232 0.9980 -0.0589
vn -0.0272 0.9973 -0.0679
vn -0.0263 0.9976 -0.0646
vn -0.0272 0.9973 -0.0685
vn -0.0225 0.9970 -0.0736
vn -0.0373 0.9967 -0.0725
vn -0.0152 0.9972 -0.0738
vn -0.1004 0.9921 -0.0748
vn -0.1052 0.9920 -0.0700
vn -0.1005 0.9925 -0.0697
vn -0.0966 0.9924 -0.0758
vn -0.1065 0.9920 -0.0674
vn -0.1038 0.9924 -0.0666
vn -0.0963 0.9927 -0.0733
vn -0.0920 0.9928 -0.0763
vn -0.0957 0.9932 -0.0656
vn -0.0867 0.9932 -0.0782
vn -0.0907 0.9930 -0.0757
vn -0.0913 0.9926 -0.0796
vn -0.0982 0.9926 -0.0718
vn -0.0932 0.9930 -0.0729
vn -0.1040 0.9923 -0.0671
vn -0.1067 0.9926 -0.0586
vn -0.1071 0.9925 -0.0591
vn -0.1013 0.9932 -0.0582
vn -0.0964 0.9938 -0.0553
vn -0.0938 0.9941 -0.0539
vn -0.0860 0.9950 -0.0501
vn -0.0851 0.9951 -0.0495
vn -0.0684 0.9966 -0.0456
vn -0.0757 0.9947 -0.0697
vn -0.0761 0.9950 -0.0649
vn -0.0744 0.9945 -0.0740
vn -0.0719 0.9944 -0.0774
vn -0.0719 0.9944 -0.0773
vn -0.0645 0.9945 -0.0830
vn -0.0644 0.9945 -0.0831
vn -0.0825 0.9932 -0.0818
vn -0.0824 0.9932 -0.0819
vn -0.0916 0.9925 -0.0804
vn -0.0069 0.9968 -0.0796
vn -0.0037 0.9973 -0.0736
vn -0.0032 0.9974 -0.0722
vn -0.0056 0.9968 -0.0791
vn -0.0014 0.9975 -0.0708
vn -0.0016 0.9977 -0.0679
vn -0.0021 0.9975 -0.0713
vn -0.0033 0.9969 -0.0788
vn -0.0012 0.9978 -0.0667
vn -0.0119 0.9964 -0.0841
vn -0.0125 0.9967 -0.0799
vn -0.0078 0.9964 -0.0841
vn -0.0017 0.9974 -0.0714
vn -0.0014 0.9975 -0.0711
vn 0.0020 0.9983 -0.0576
vn 0.0025 0.9984 -0.0567
vn 0.0044 0.9986 -0.0530
vn 0.0043 0.9986 -0.0522
vn 0.0023 0.9988 -0.0485
vn 0.0016 0.9989 -0.0471
vn 0.0017 0.9989 -0.0472
vn -0.0036 0.9965 -0.0840
vn -0.0062 0.9964 -0.0840
vn -0.1746 0.9822 -0.0700
vn -0.1618 0.9851 -0.0586
vn -0.1518 0.9863 -0.0644
vn -0.1371 0.9891 -0.0535
vn -0.2154 0.9722 -0.0916
vn -0.2092 0.9744 -0.0821
vn -0.2032 0.9763 -0.0745
vn -0.2095 0.9740 -0.0863
vn -0.2014 0.9768 -0.0721
vn -0.1955 0.9787 -0.0628
vn -0.1948 0.9789 -0.0616
vn -0.1874 0.9811 -0.0474
vn -0.1529 0.9874 -0.0409
vn -0.1243 0.9917 -0.0335
vn -0.1050 0.9941 -0.0258
vn -0.1203 0.9916 -0.0475
vn -0.1346 0.9892 -0.0580
vn -0.1512 0.9863 -0.0664
vn -0.1703 0.9826 -0.0737
vn -0.1913 0.9783 -0.0800
vn -0.2536 0.9649 -0.0678
vn -0.2625 0.9633 -0.0556
vn -0.2524 0.9669 -0.0366
vn -0.2278 0.9727 -0.0451
vn -0.2293 0.9708 -0.0709
vn -0.2304 0.9712 -0.0604
vn -0.2302 0.9712 -0.0621
vn -0.2230 0.9715 -0.0806
vn -0.2279 0.9709 -0.0739
vn -0.2220 0.9716 -0.0820
vn -0.2332 0.9694 -0.0766
vn -0.1607 0.9839 -0.0780
vn -0.1536 0.9847 -0.0821
vn -0.1518 0.9849 -0.0832
vn -0.1913 0.9782 -0.0811
vn -0.1835 0.9793 -0.0851
vn -0.1909 0.9773 -0.0921
vn -0.1831 0.9792 -0.0874
vn -0.2086 0.9744 -0.0838
vn -0.2099 0.9736 -0.0893
vn -0.2088 0.9743 -0.0849
vn -0.2111 0.9729 -0.0944
vn -0.1926 0.9768 -0.0932
vn -0.1720 0.9810 -0.0899
vn -0.1526 0.9850 -0.0811
vn -0.1349 0.9883 -0.0716
vn -0.1262 0.9891 -0.0754
vn -0.1244 0.9893 -0.0761
vn -0.2342 0.9684 -0.0863
vn -0.2314 0.9683 -0.0944
vn -0.2234 0.9703 -0.0930
vn -0.2349 0.9677 -0.0910
vn -0.2245 0.9697 -0.0959
vn -0.2237 0.9705 -0.0901
vn -0.2244 0.9704 -0.0892
vn -0.2105 0.9734 -0.0902
vn -0.2059 0.9749 -0.0846
vn -0.2069 0.9746 -0.0857
vn -0.2126 0.9727 -0.0929
vn -0.2141 0.9722 -0.0945
vn -0.2175 0.9713 -0.0967
vn -0.2190 0.9714 -0.0920
vn -0.2098 0.9736 -0.0903
vn -0.1915 0.9779 -0.0838
vn -0.1698 0.9826 -0.0756
vn -0.1971 0.9768 -0.0836
vn -0.1865 0.9790 -0.0824
vn -0.1878 0.9787 -0.0826
vn -0.2039 0.9758 -0.0793
vn -0.1992 0.9764 -0.0832
vn -0.0315 0.9964 -0.0787
vn -0.0327 0.9966 -0.0753
vn -0.0369 0.9971 -0.0661
vn -0.0268 0.9965 -0.0790
vn -0.0376 0.9971 -0.0662
vn -0.0241 0.9968 -0.0763
vn -0.0301 0.9972 -0.0684
vn -0.0199 0.9966 -0.0795
vn -0.0304 0.9972 -0.0680
vn -0.0435 0.9955 -0.0836
vn -0.0480 0.9958 -0.0781
vn -0.0479 0.9958 -0.0781
vn -0.0360 0.9958 -0.0838
vn -0.0514 0.9962 -0.0701
vn -0.0514 0.9962 -0.0700
vn -0.0526 0.9965 -0.0651
vn -0.0510 0.9977 -0.0445
vn -0.0412 0.9980 -0.0469
vn -0.0459 0.9979 -0.0453
vn -0.0373 0.9981 -0.0496
vn -0.0407 0.9981 -0.0463
vn -0.0304 0.9981 -0.0543
vn -0.0360 0.9981 -0.0506
vn -0.0288 0.9981 -0.0554
vn -0.0199 0.9968 -0.0772
vn -0.0267 0.9972 -0.0703
vn -0.0262 0.9972 -0.0707
vn -0.0176 0.9963 -0.0841
vn -0.0241 0.9962 -0.0840
vn -0.0343 0.9818 -0.1869
vn -0.0315 0.9822 -0.1852
vn -0.0312 0.9827 -0.1824
vn -0.0313 0.9825 -0.1836
vn -0.0327 0.9867 -0.1592
vn -0.0275 0.9871 -0.1579
vn -0.0242 0.9875 -0.1560
vn -0.0270 0.9871 -0.1577
vn -0.0316 0.9836 -0.1776
vn -0.0316 0.9836 -0.1775
vn -0.0229 0.9878 -0.1539
vn -0.0234 0.9877 -0.1548
vn -0.0399 0.9736 -0.2247
vn -0.0371 0.9738 -0.2242
vn -0.0355 0.9745 -0.2217
vn -0.0366 0.9739 -0.2239
vn -0.0402 0.9813 -0.1881
vn -0.0351 0.9817 -0.1872
vn -0.0414 0.9862 -0.1606
vn -0.0338 0.9866 -0.1595
vn -0.0428 0.9894 -0.1386
vn -0.0334 0.9899 -0.1377
vn -0.0254 0.9903 -0.1367
vn -0.0324 0.9900 -0.1375
vn -0.0204 0.9905 -0.1359
vn -0.0246 0.9903 -0.1367
vn -0.0179 0.9907 -0.1352
vn -0.0201 0.9905 -0.1358
vn -0.0113 0.9909 -0.1342
vn -0.0174 0.9907 -0.1351
vn -0.0102 0.9884 -0.1515
vn -0.0221 0.9879 -0.1534
vn -0.0318 0.9836 -0.1773
vn -0.0338 0.9772 -0.2096
vn -0.0350 0.9765 -0.2125
vn -0.0333 0.9775 -0.2084
vn -0.0368 0.9755 -0.2168
vn -0.0041 0.9850 -0.1726
vn -0.0044 0.9842 -0.1768
vn -0.0044 0.9836 -0.1805
vn -0.0045 0.9841 -0.1775
vn -0.0092 0.9884 -0.1516
vn -0.0090 0.9883 -0.1523
vn -0.0066 0.9880 -0.1541
vn -0.0075 0.9880 -0.1541
vn -0.0034 0.9834 -0.1814
vn -0.0033 0.9834 -0.1814
vn -0.0047 0.9879 -0.1548
vn -0.0046 0.9879 -0.1549
vn -0.0034 0.9795 -0.2016
vn -0.0012 0.9781 -0.2083
vn -0.0030 0.9792 -0.2029
vn -0.0041 0.9851 -0.1719
vn -0.0103 0.9909 -0.1343
vn -0.0101 0.9909 -0.1343
vn -0.0070 0.9909 -0.1341
vn -0.0081 0.9909 -0.1342
vn -0.0048 0.9910 -0.1340
vn -0.0046 0.9910 -0.1340
vn -0.0016 0.9765 -0.2155
vn -0.0016 0.9762 -0.2167
vn -0.0011 0.9777 -0.2099
vn -0.0019 0.9766 -0.2149
vn -0.0605 0.9958 -0.0692
vn -0.0621 0.9958 -0.0668
vn -0.0620 0.9958 -0.0670
vn -0.0638 0.9959 -0.0643
vn -0.0656 0.9962 -0.0569
vn -0.0750 0.9946 -0.0721
vn -0.0777 0.9945 -0.0701
vn -0.0785 0.9942 -0.0731
vn -0.0846 0.9943 -0.0653
vn -0.0414 0.9965 -0.0721
vn -0.0423 0.9966 -0.0703
vn -0.0422 0.9966 -0.0704
vn -0.0435 0.9967 -0.0685
vn -0.0436 0.9968 -0.0666
vn -0.0434 0.9970 -0.0644
vn -0.0433 0.9972 -0.0611
vn -0.0427 0.9974 -0.0577
vn -0.0655 0.9962 -0.0566
vn -0.0925 0.9941 -0.0568
vn -0.1022 0.9926 -0.0662
vn -0.1113 0.9920 -0.0590
vn -0.1014 0.9926 -0.0667
vn -0.0930 0.9931 -0.0713
vn -0.0761 0.9941 -0.0770
vn -0.0721 0.9946 -0.0740
vn -0.0539 0.9955 -0.0775
vn -0.0570 0.9957 -0.0731
vn -0.0654 0.9951 -0.0744
vn -0.0665 0.9789 -0.1931
vn -0.0726 0.9783 -0.1939
vn -0.0823 0.9775 -0.1940
vn -0.0744 0.9782 -0.1939
vn -0.0575 0.9851 -0.1619
vn -0.0629 0.9847 -0.1626
vn -0.0695 0.9842 -0.1630
vn -0.0645 0.9845 -0.1628
vn -0.0795 0.9787 -0.1894
vn -0.0831 0.9775 -0.1940
vn -0.0698 0.9844 -0.1618
vn -0.0701 0.9841 -0.1629
vn -0.0687 0.9709 -0.2294
vn -0.0732 0.9702 -0.2308
vn -0.0819 0.9691 -0.2327
vn -0.0752 0.9699 -0.2314
vn -0.0601 0.9796 -0.1920
vn -0.0646 0.9791 -0.1927
vn -0.0511 0.9856 -0.1611
vn -0.0558 0.9853 -0.1617
vn -0.0432 0.9898 -0.1354
vn -0.0486 0.9895 -0.1361
vn -0.0564 0.9889 -0.1374
vn -0.0503 0.9894 -0.1364
vn -0.0629 0.9884 -0.1385
vn -0.0578 0.9888 -0.1376
vn -0.0660 0.9881 -0.1391
vn -0.0639 0.9883 -0.1386
vn -0.0648 0.9881 -0.1395
vn -0.0660 0.9880 -0.1393
vn -0.0630 0.9851 -0.1601
vn -0.0690 0.9845 -0.1613
vn -0.0790 0.9788 -0.1888
vn -0.0951 0.9694 -0.2265
vn -0.0948 0.9697 -0.2254
vn -0.0948 0.9698 -0.2248
vn -0.0962 0.9674 -0.2343
vn -0.0954 0.9676 -0.2338
vn -0.0563 0.9815 -0.1829
vn -0.0491 0.9817 -0.1838
vn -0.0456 0.9813 -0.1869
vn -0.0474 0.9817 -0.1846
vn -0.0614 0.9852 -0.1598
vn -0.0560 0.9855 -0.1601
vn -0.0503 0.9857 -0.1608
vn -0.0548 0.9856 -0.1603
vn -0.0412 0.9813 -0.1881
vn -0.0448 0.9813 -0.1874
vn -0.0427 0.9861 -0.1606
vn -0.0491 0.9857 -0.1610
vn -0.0514 0.9764 -0.2099
vn -0.0443 0.9756 -0.2151
vn -0.0495 0.9762 -0.2114
vn -0.0580 0.9814 -0.1827
vn -0.0603 0.9884 -0.1397
vn -0.0642 0.9881 -0.1395
vn -0.0534 0.9888 -0.1396
vn -0.0595 0.9884 -0.1397
vn -0.0440 0.9893 -0.1390
vn -0.0523 0.9888 -0.1396
vn -0.0425 0.9740 -0.2227
vn -0.0406 0.9736 -0.2244
vn -0.0429 0.9751 -0.2174
vn -0.0429 0.9742 -0.2215
vn -0.0097 0.9972 -0.0740
vn -0.0177 0.9972 -0.0726
vn -0.0138 0.9972 -0.0730
vn -0.0048 0.9971 -0.0759
vn -0.0194 0.9972 -0.0724
vn -0.0195 0.9972 -0.0722
vn -0.0199 0.9972 -0.0717
vn -0.0084 0.9979 -0.0635
vn -0.0081 0.9980 -0.0632
vn -0.0074 0.9979 -0.0637
vn -0.0074 0.9981 -0.0610
vn -0.0048 0.9984 -0.0567
vn -0.0015 0.9981 -0.0611
vn -0.0020 0.9976 -0.0690
vn -0.0063 0.9972 -0.0749
vn -0.0140 0.9969 -0.0780
vn -0.0210 0.9969 -0.0759
vn -0.0163 0.9969 -0.0770
vn -0.0082 0.9966 -0.0825
vn -0.0317 0.9967 -0.0746
vn -0.0253 0.9968 -0.0753
vn -0.0090 0.9967 -0.0813
vn -0.0529 0.9960 -0.0714
vn -0.0514 0.9961 -0.0716
vn -0.0527 0.9960 -0.0715
vn -0.0533 0.9958 -0.0739
vn -0.0517 0.9961 -0.0719
vn -0.0340 0.9967 -0.0743
vn -0.0656 0.9951 -0.0740
vn -0.0554 0.9957 -0.0744
vn -0.0636 0.9952 -0.0741
vn -0.0502 0.9963 -0.0693
vn -0.0491 0.9964 -0.0684
vn -0.0450 0.9969 -0.0653
vn -0.0454 0.9974 -0.0565
vn -0.0452 0.9973 -0.0576
vn -0.0440 0.9970 -0.0636
vn -0.0240 0.9983 -0.0525
vn -0.0235 0.9984 -0.0523
vn -0.0216 0.9984 -0.0516
vn -0.0192 0.9988 -0.0444
vn -0.0195 0.9988 -0.0456
vn -0.0208 0.9985 -0.0502
vn -0.0077 0.9985 -0.0549
vn -0.0120 0.9968 -0.0792
vn -0.0560 0.9798 -0.1918
vn -0.0547 0.9801 -0.1909
vn -0.0546 0.9805 -0.1889
vn -0.0544 0.9802 -0.1906
vn -0.0521 0.9850 -0.1646
vn -0.0494 0.9853 -0.1634
vn -0.0481 0.9856 -0.1623
vn -0.0486 0.9854 -0.1631
vn -0.0521 0.9814 -0.1849
vn -0.0543 0.9807 -0.1880
vn -0.0461 0.9860 -0.1605
vn -0.0475 0.9857 -0.1617
vn -0.0689 0.9694 -0.2354
vn -0.0654 0.9700 -0.2342
vn -0.0630 0.9710 -0.2307
vn -0.0642 0.9703 -0.2332
vn -0.0610 0.9794 -0.1924
vn -0.0571 0.9797 -0.1920
vn -0.0594 0.9842 -0.1666
vn -0.0537 0.9848 -0.1652
vn -0.0582 0.9870 -0.1499
vn -0.0508 0.9879 -0.1464
vn -0.0452 0.9887 -0.1430
vn -0.0491 0.9881 -0.1455
vn -0.0431 0.9890 -0.1413
vn -0.0443 0.9888 -0.1426
vn -0.0412 0.9893 -0.1398
vn -0.0426 0.9891 -0.1408
vn -0.0388 0.9897 -0.1381
vn -0.0406 0.9894 -0.1393
vn -0.0432 0.9863 -0.1591
vn -0.0454 0.9861 -0.1600
vn -0.0455 0.9822 -0.1822
vn -0.0506 0.9816 -0.1839
vn -0.0632 0.9725 -0.2239
vn -0.0605 0.9744 -0.2166
vn -0.0599 0.9747 -0.2152
vn -0.0628 0.9713 -0.2293
vn -0.0631 0.9722 -0.2254
vn -0.0445 0.9822 -0.1824
vn -0.0447 0.9818 -0.1848
vn -0.0511 0.9806 -0.1890
vn -0.0460 0.9815 -0.1860
vn -0.0424 0.9863 -0.1592
vn -0.0425 0.9864 -0.1591
vn -0.0450 0.9860 -0.1603
vn -0.0428 0.9863 -0.1596
vn -0.0583 0.9798 -0.1914
vn -0.0533 0.9803 -0.1899
vn -0.0497 0.9857 -0.1610
vn -0.0462 0.9859 -0.1606
vn -0.0447 0.9767 -0.2099
vn -0.0475 0.9749 -0.2173
vn -0.0453 0.9763 -0.2115
vn -0.0373 0.9899 -0.1365
vn -0.0383 0.9897 -0.1376
vn -0.0382 0.9900 -0.1355
vn -0.0373 0.9900 -0.1361
vn -0.0418 0.9899 -0.1353
vn -0.0389 0.9900 -0.1354
vn -0.0606 0.9723 -0.2259
vn -0.0667 0.9712 -0.2286
vn -0.0499 0.9743 -0.2196
vn -0.0578 0.9727 -0.2246
vn -0.1964 0.9688 -0.1512
vn -0.2010 0.9705 -0.1333
vn -0.1579 0.9770 -0.1435
vn -0.1563 0.9772 -0.1437
vn -0.1569 0.9771 -0.1436
vn -0.1559 0.9801 -0.1225
vn -0.1547 0.9807 -0.1198
vn -0.1552 0.9804 -0.1210
vn -0.2332 0.9556 -0.1803
vn -0.2705 0.9479 -0.1683
vn -0.2931 0.9443 -0.1497
vn -0.1870 0.9760 -0.1118
vn -0.1433 0.9845 -0.1014
vn -0.1483 0.9841 -0.0979
vn -0.1434 0.9845 -0.1012
vn -0.1486 0.9840 -0.0978
vn -0.1545 0.9807 -0.1197
vn -0.1562 0.9772 -0.1436
vn -0.1491 0.9751 -0.1640
vn -0.1509 0.9743 -0.1675
vn -0.1512 0.9742 -0.1678
vn -0.1491 0.9752 -0.1635
vn -0.1773 0.9697 -0.1679
vn -0.1461 0.9662 -0.2124
vn -0.1475 0.9664 -0.2106
vn -0.1530 0.9671 -0.2031
vn -0.1543 0.9673 -0.2013
vn -0.1171 0.9735 -0.1966
vn -0.1181 0.9736 -0.1955
vn -0.1188 0.9743 -0.1913
vn -0.1233 0.9741 -0.1895
vn -0.1262 0.9726 -0.1951
vn -0.1877 0.9480 -0.2570
vn -0.2082 0.9485 -0.2387
vn -0.2205 0.9491 -0.2248
vn -0.2161 0.9550 -0.2033
vn -0.1614 0.9693 -0.1855
vn -0.1353 0.9744 -0.1797
vn -0.1393 0.9726 -0.1864
vn -0.1359 0.9741 -0.1807
vn -0.1398 0.9723 -0.1873
vn -0.1268 0.9723 -0.1961
vn -0.1255 0.9724 -0.1966
vn -0.1171 0.9706 -0.2104
vn -0.1182 0.9726 -0.2004
vn -0.1172 0.9711 -0.2079
vn -0.1175 0.9711 -0.2077
vn -0.1170 0.9705 -0.2107
vn -0.1367 0.9641 -0.2275
vn -0.1639 0.9552 -0.2464
vn -0.1737 0.9547 -0.2416
vn -0.1779 0.9564 -0.2315
vn -0.1706 0.9545 -0.2444
vn -0.1777 0.9563 -0.2322
vn -0.1798 0.9557 -0.2329
vn -0.1877 0.9456 -0.2658
vn -0.1874 0.9487 -0.2545
vn -0.1886 0.9474 -0.2584
vn -0.1802 0.9556 -0.2330
vn -0.1255 0.9662 -0.2252
vn -0.1377 0.9650 -0.2230
vn -0.1441 0.9644 -0.2219
vn -0.1329 0.9655 -0.2239
vn -0.1480 0.9640 -0.2209
vn -0.1548 0.9636 -0.2182
vn -0.1566 0.9634 -0.2174
vn -0.1653 0.9651 -0.2033
vn -0.1785 0.9609 -0.2116
vn -0.1730 0.9625 -0.2087
vn -0.1775 0.9612 -0.2111
vn -0.1721 0.9628 -0.2082
vn -0.1488 0.9695 -0.1949
vn -0.1609 0.9626 -0.2181
vn -0.1763 0.9535 -0.2445
vn -0.1887 0.9449 -0.2675
vn -0.1894 0.9447 -0.2679
vn -0.1824 0.9433 -0.2774
vn -0.1618 0.9554 -0.2471
vn -0.0936 0.9942 -0.0533
vn -0.0938 0.9941 -0.0537
vn -0.1023 0.9931 -0.0573
vn -0.0918 0.9943 -0.0544
vn -0.0889 0.9946 -0.0530
vn -0.0947 0.9937 -0.0597
vn -0.0907 0.9943 -0.0552
vn -0.0985 0.9935 -0.0576
vn -0.1043 0.9923 -0.0663
vn -0.1060 0.9921 -0.0665
vn -0.1050 0.9922 -0.0668
vn -0.1313 0.9895 -0.0613
vn -0.1381 0.9880 -0.0694
vn -0.1374 0.9881 -0.0686
vn -0.1283 0.9902 -0.0552
vn -0.1306 0.9896 -0.0599
vn -0.1280 0.9904 -0.0524
vn -0.1280 0.9903 -0.0547
vn -0.1286 0.9903 -0.0523
vn -0.1281 0.9904 -0.0523
vn -0.0910 0.9944 -0.0541
vn -0.0906 0.9945 -0.0533
vn -0.0917 0.9942 -0.0555
vn -0.1333 0.9884 -0.0722
vn -0.1086 0.9921 -0.0621
vn -0.0925 0.9941 -0.0558
vn -0.1076 0.9923 -0.0617
vn -0.1120 0.9914 -0.0675
vn -0.0939 0.9941 -0.0544
vn -0.1005 0.9932 -0.0586
vn -0.0917 0.9942 -0.0559
vn -0.1318 0.9897 -0.0566
vn -0.1294 0.9902 -0.0529
vn -0.1359 0.9886 -0.0651
vn -0.1323 0.9895 -0.0574
vn -0.1363 0.9885 -0.0655
vn -0.1419 0.9867 -0.0791
vn -0.1268 0.9886 -0.0818
vn -0.1613 0.9829 -0.0888
vn -0.2120 0.9749 -0.0675
vn -0.2121 0.9749 -0.0670
vn -0.2146 0.9750 -0.0583
vn -0.2152 0.9749 -0.0577
vn -0.2180 0.9745 -0.0535
vn -0.2007 0.9772 -0.0694
vn -0.2009 0.9772 -0.0688
vn -0.2051 0.9769 -0.0603
vn -0.2056 0.9768 -0.0592
vn -0.2109 0.9759 -0.0552
vn -0.1874 0.9790 -0.0803
vn -0.1874 0.9801 -0.0659
vn -0.1871 0.9802 -0.0654
vn -0.1870 0.9807 -0.0571
vn -0.1872 0.9807 -0.0563
vn -0.1874 0.9809 -0.0522
vn -0.1696 0.9836 -0.0620
vn -0.1770 0.9825 -0.0583
vn -0.1633 0.9840 -0.0708
vn -0.1687 0.9837 -0.0630
vn -0.1629 0.9841 -0.0714
vn -0.1587 0.9835 -0.0871
vn -0.2081 0.9746 -0.0822
vn -0.1970 0.9768 -0.0844
vn -0.1964 0.9768 -0.0849
vn -0.2088 0.9745 -0.0826
vn -0.1423 0.9006 -0.4107
vn -0.1279 0.9104 -0.3935
vn -0.1312 0.9411 -0.3116
vn -0.1339 0.9487 -0.2866
vn -0.1680 0.9323 -0.3203
vn -0.1364 0.9191 -0.3697
vn -0.1430 0.8751 -0.4623
vn -0.1391 0.8795 -0.4551
vn -0.1424 0.8757 -0.4613
vn -0.1303 0.8926 -0.4317
vn -0.1408 0.8797 -0.4543
vn -0.1388 0.8801 -0.4541
vn -0.1404 0.8797 -0.4543
vn -0.1428 0.9026 -0.4061
vn -0.1675 0.9413 -0.2931
vn -0.1306 0.9574 -0.2574
vn -0.1523 0.9261 -0.3452
vn -0.1236 0.9658 -0.2279
vn -0.1228 0.9651 -0.2315
vn -0.1463 0.9572 -0.2498
vn -0.1216 0.9638 -0.2373
vn -0.1822 0.9416 -0.2831
vn -0.1463 0.9441 -0.2953
vn -0.1816 0.9430 -0.2789
vn -0.0912 0.9480 -0.3051
vn -0.1164 0.9181 -0.3789
vn -0.1111 0.9456 -0.3058
vn -0.1094 0.9921 -0.0607
vn -0.1154 0.9910 -0.0677
vn -0.1185 0.9905 -0.0702
vn -0.1141 0.9913 -0.0663
vn -0.1193 0.9903 -0.0708
vn -0.1212 0.9900 -0.0721
vn -0.1394 0.9877 -0.0702
vn -0.1400 0.9876 -0.0706
vn -0.1440 0.9869 -0.0732
vn -0.1447 0.9867 -0.0736
vn -0.1460 0.9866 -0.0732
vn -0.0835 0.9947 -0.0601
vn -0.0837 0.9946 -0.0610
vn -0.0843 0.9943 -0.0649
vn -0.0849 0.9942 -0.0662
vn -0.0876 0.9938 -0.0683
vn -0.0890 0.9936 -0.0692
vn -0.0936 0.9931 -0.0709
vn -0.0942 0.9930 -0.0714
vn -0.0927 0.9929 -0.0751
vn -0.1213 0.9900 -0.0724
vn -0.1181 0.9903 -0.0726
vn -0.1457 0.9866 -0.0729
vn -0.1428 0.9873 -0.0702
vn -0.1696 0.9825 -0.0774
vn -0.1719 0.9823 -0.0745
vn -0.1702 0.9830 -0.0693
vn -0.1718 0.9822 -0.0753
vn -0.1623 0.9839 -0.0755
vn -0.1684 0.9827 -0.0774
vn -0.1509 0.9862 -0.0688
vn -0.1602 0.9843 -0.0743
vn -0.1496 0.9864 -0.0681
vn -0.1307 0.9894 -0.0626
vn -0.1086 0.9923 -0.0597
vn -0.1174 0.9904 -0.0726
vn -0.1035 0.9924 -0.0672
vn -0.1097 0.9915 -0.0699
vn -0.1099 0.9914 -0.0704
vn -0.0981 0.9929 -0.0670
vn -0.1031 0.9924 -0.0670
vn -0.1420 0.9874 -0.0697
vn -0.1348 0.9886 -0.0663
vn -0.1273 0.9898 -0.0643
vn -0.1356 0.9885 -0.0668
vn -0.1267 0.9899 -0.0644
vn -0.1184 0.9909 -0.0642
vn -0.0843 0.9938 -0.0731
vn -0.0921 0.9929 -0.0753
vn -0.0798 0.9944 -0.0697
vn -0.0835 0.9939 -0.0727
vn -0.0779 0.9946 -0.0687
vn -0.0791 0.9945 -0.0693
vn -0.0688 0.9950 -0.0717
vn -0.0757 0.9947 -0.0692
vn -0.0890 0.9936 -0.0695
vn -0.0968 0.9930 -0.0674
vn -0.1179 0.9910 -0.0641
vn -0.1071 0.9921 -0.0658
vn -0.1554 0.9860 -0.0611
vn -0.1450 0.9876 -0.0605
vn -0.1350 0.9889 -0.0614
vn -0.1465 0.9874 -0.0603
vn -0.1638 0.9844 -0.0636
vn -0.1567 0.9857 -0.0613
vn -0.1696 0.9831 -0.0683
vn -0.1649 0.9842 -0.0643
vn -0.0717 0.9946 -0.0746
vn -0.0511 0.9954 -0.0807
vn -0.0515 0.9954 -0.0809
vn -0.0531 0.9952 -0.0818
vn -0.0540 0.9950 -0.0836
vn -0.0568 0.9942 -0.0916
vn -0.0802 0.9927 -0.0897
vn -0.0821 0.9936 -0.0774
vn -0.0911 0.9932 -0.0720
vn -0.0813 0.9936 -0.0782
vn -0.0913 0.9933 -0.0713
vn -0.0675 0.9951 -0.0722
vn -0.0513 0.9959 -0.0751
vn -0.0880 0.9937 -0.0698
vn -0.0269 0.9964 -0.0808
vn -0.0353 0.9963 -0.0784
vn -0.0292 0.9964 -0.0801
vn -0.0318 0.9959 -0.0847
vn -0.0322 0.9958 -0.0853
vn -0.0335 0.9956 -0.0874
vn -0.0373 0.9963 -0.0778
vn -0.0394 0.9947 -0.0953
vn -0.0384 0.9948 -0.0939
vn -0.0347 0.9954 -0.0891
vn -0.0574 0.9940 -0.0934
vn -0.1122 0.9897 -0.0890
vn -0.1155 0.9906 -0.0736
vn -0.1159 0.9906 -0.0730
vn -0.1226 0.9903 -0.0660
vn -0.0800 0.9926 -0.0911
vn -0.1336 0.9891 -0.0618
vn -0.1239 0.9901 -0.0654
vn -0.1070 0.9921 -0.0659
vn -0.0624 0.9900 -0.1262
vn -0.0652 0.9884 -0.1373
vn -0.0823 0.9882 -0.1291
vn -0.0843 0.9861 -0.1433
vn -0.0848 0.9859 -0.1445
vn -0.0876 0.9843 -0.1533
vn -0.0449 0.9929 -0.1102
vn -0.0453 0.9916 -0.1209
vn -0.0496 0.9903 -0.1299
vn -0.0466 0.9905 -0.1297
vn -0.0551 0.9888 -0.1386
vn -0.0545 0.9889 -0.1384
vn -0.0555 0.9887 -0.1392
vn -0.0697 0.9867 -0.1467
vn -0.0701 0.9865 -0.1479
vn -0.0727 0.9852 -0.1550
vn -0.0885 0.9838 -0.1559
vn -0.0913 0.9824 -0.1631
vn -0.1121 0.9801 -0.1638
vn -0.1100 0.9827 -0.1489
vn -0.1099 0.9853 -0.1311
vn -0.1109 0.9877 -0.1104
vn -0.0813 0.9905 -0.1110
vn -0.0612 0.9919 -0.1111
vn -0.0743 0.9826 -0.1705
vn -0.0641 0.9791 -0.1928
vn -0.0731 0.9783 -0.1940
vn -0.0754 0.9780 -0.1943
vn -0.0955 0.9792 -0.1788
vn -0.1008 0.9742 -0.2017
vn -0.0595 0.9868 -0.1505
vn -0.0607 0.9841 -0.1669
vn -0.0699 0.9693 -0.2358
vn -0.0846 0.9678 -0.2371
vn -0.1144 0.9639 -0.2405
vn -0.1516 0.9569 -0.2479
vn -0.1383 0.9658 -0.2195
vn -0.1259 0.9727 -0.1952
vn -0.1172 0.9771 -0.1775
vn -0.0918 0.9821 -0.1646
vn -0.0732 0.9850 -0.1562
vn -0.0277 0.9935 -0.1103
vn -0.0279 0.9938 -0.1076
vn -0.0277 0.9936 -0.1099
vn -0.0211 0.9946 -0.1013
vn -0.0077 0.9963 -0.0850
vn -0.0144 0.9967 -0.0803
vn -0.0126 0.9959 -0.0895
vn -0.0164 0.9960 -0.0881
vn -0.0118 0.9967 -0.0797
vn -0.0185 0.9958 -0.0892
vn -0.0280 0.9941 -0.1046
vn -0.0271 0.9944 -0.1019
vn -0.0390 0.9912 -0.1262
vn -0.0440 0.9904 -0.1313
vn -0.0373 0.9919 -0.1211
vn -0.0316 0.9931 -0.1125
vn -0.0371 0.9920 -0.1209
vn -0.0375 0.9918 -0.1225
vn -0.0386 0.9914 -0.1254
vn -0.0294 0.9943 -0.1024
vn -0.0282 0.9945 -0.1009
vn -0.0237 0.9952 -0.0951
vn -0.0229 0.9953 -0.0940
vn -0.0313 0.9932 -0.1121
vn -0.0170 0.9961 -0.0869
vn -0.0178 0.9960 -0.0877
vn -0.0155 0.9965 -0.0824
vn -0.0190 0.9960 -0.0873
vn -0.0345 0.9923 -0.1190
vn -0.0369 0.9919 -0.1217
vn -0.0353 0.9922 -0.1197
vn -0.0323 0.9926 -0.1171
vn -0.0266 0.9945 -0.1012
vn -0.0247 0.9948 -0.0990
vn -0.0419 0.9944 -0.0974
vn -0.0516 0.9938 -0.0985
vn -0.0523 0.9938 -0.0984
vn -0.0525 0.9949 -0.0859
vn -0.0524 0.9950 -0.0855
vn -0.0596 0.9948 -0.0825
vn -0.0622 0.9931 -0.0997
vn -0.0622 0.9931 -0.0991
vn -0.0641 0.9941 -0.0876
vn -0.0693 0.9948 -0.0750
vn -0.0367 0.9928 -0.1136
vn -0.0435 0.9925 -0.1144
vn -0.0530 0.9919 -0.1155
vn -0.0452 0.9924 -0.1144
vn -0.0322 0.9948 -0.0963
vn -0.0405 0.9944 -0.0971
vn -0.0293 0.9961 -0.0838
vn -0.0339 0.9962 -0.0804
vn -0.0397 0.9962 -0.0772
vn -0.0398 0.9956 -0.0847
vn -0.0400 0.9962 -0.0768
vn -0.0793 0.9936 -0.0799
vn -0.0735 0.9934 -0.0884
vn -0.0756 0.9932 -0.0891
vn -0.0736 0.9934 -0.0885
vn -0.0692 0.9925 -0.1011
vn -0.0712 0.9922 -0.1024
vn -0.0704 0.9923 -0.1018
vn -0.0620 0.9912 -0.1173
vn -0.0663 0.9908 -0.1184
vn -0.0667 0.9907 -0.1189
vn -0.0668 0.9906 -0.1190
vn -0.0544 0.9918 -0.1158
vn -0.0612 0.9913 -0.1169
vn -0.0349 0.9939 -0.1050
vn -0.0252 0.9942 -0.1046
vn -0.0220 0.9949 -0.0988
vn -0.0246 0.9942 -0.1049
vn -0.0374 0.9949 -0.0941
vn -0.0331 0.9954 -0.0899
vn -0.0227 0.9957 -0.0899
vn -0.0170 0.9950 -0.0986
vn -0.0170 0.9944 -0.1039
vn -0.0170 0.9958 -0.0898
vn -0.0449 0.9918 -0.1200
vn -0.0341 0.9923 -0.1195
vn -0.0251 0.9926 -0.1185
vn -0.0332 0.9923 -0.1191
vn -0.0352 0.9939 -0.1046
vn -0.0377 0.9949 -0.0936
vn -0.0384 0.9949 -0.0937
vn -0.0118 0.9959 -0.0897
vn -0.0120 0.9951 -0.0983
vn -0.0153 0.9945 -0.1037
vn -0.0175 0.9928 -0.1183
vn -0.0163 0.9928 -0.1184
vn -0.0101 0.9930 -0.1177
vn -0.0159 0.9928 -0.1184
vn -0.0243 0.9926 -0.1189
vn -0.0192 0.9928 -0.1185
vn -0.0242 0.9948 -0.0985
vn -0.0237 0.9950 -0.0972
vn -0.0225 0.9957 -0.0902
vn -0.0240 0.9950 -0.0968
vn -0.0179 0.9962 -0.0853
vn -0.0158 0.9966 -0.0808
vn -0.0184 0.9966 -0.0800
vn -0.0221 0.9962 -0.0846
vn -0.0258 0.9950 -0.0960
vn -0.0241 0.9965 -0.0798
vn -0.0305 0.9929 -0.1150
vn -0.0316 0.9927 -0.1166
vn -0.0286 0.9961 -0.0838
vn -0.0314 0.9949 -0.0961
vn -0.0319 0.9930 -0.1137
vn -0.0354 0.9929 -0.1137
vn -0.0305 0.9930 -0.1145
vn -0.0312 0.9930 -0.1137
vn -0.0685 0.9923 -0.1036
vn -0.0608 0.9927 -0.1040
vn -0.0682 0.9922 -0.1040
vn -0.0770 0.9929 -0.0906
vn -0.0816 0.9929 -0.0864
vn -0.0857 0.9929 -0.0829
vn -0.0761 0.9929 -0.0913
vn -0.0679 0.9933 -0.0931
vn -0.0607 0.9927 -0.1045
vn -0.0684 0.9933 -0.0929
vn -0.0772 0.9934 -0.0852
vn -0.0636 0.9907 -0.1203
vn -0.0667 0.9906 -0.1196
vn -0.0713 0.9922 -0.1024
vn -0.0546 0.9941 -0.0937
vn -0.0609 0.9944 -0.0864
vn -0.0488 0.9933 -0.1044
vn -0.0535 0.9942 -0.0936
vn -0.0488 0.9933 -0.1048
vn -0.0553 0.9912 -0.1206
vn -0.0459 0.9916 -0.1205
vn -0.0629 0.9907 -0.1204
vn -0.0563 0.9911 -0.1206
vn -0.0082 0.9946 -0.1033
vn -0.0081 0.9951 -0.0982
vn -0.0064 0.9952 -0.0981
vn -0.0065 0.9946 -0.1032
vn -0.0079 0.9959 -0.0897
vn -0.0063 0.9960 -0.0897
vn -0.0037 0.9952 -0.0981
vn -0.0037 0.9947 -0.1031
vn -0.0036 0.9960 -0.0897
vn -0.0092 0.9930 -0.1174
vn -0.0091 0.9931 -0.1173
vn -0.0041 0.9931 -0.1169
vn -0.0042 0.9931 -0.1169
vn -0.0072 0.9931 -0.1171
vn -0.0073 0.9931 -0.1171
vn -0.2670 0.9590 -0.0948
vn 0.1537 0.8509 -0.5023
vn 0.1530 0.8506 -0.5032
vn 0.1539 0.8474 -0.5082
vn 0.1540 0.8474 -0.5081
vn 0.2670 0.9590 -0.0948
vn -0.0983 0.8404 -0.5330
vn 0.1452 0.8399 -0.5229
vn 0.0676 0.7898 -0.6097
vn -0.0800 0.7984 -0.5968
vn -0.0783 0.8079 -0.5840
vn 0.1625 0.9837 -0.0770
vn 0.0800 0.7984 -0.5968
vn -0.1645 0.8614 -0.4806
vn -0.1293 0.9900 -0.0557
vn -0.1306 0.9901 -0.0513
vn -0.1320 0.9899 -0.0521
vn -0.1310 0.9901 -0.0515
vn -0.1308 0.9901 -0.0517
vn 0.0848 0.8165 -0.5711
vn 0.0783 0.8079 -0.5841
vn 0.2465 0.9666 -0.0707
vn -0.2225 0.9721 -0.0739
vn -0.0675 0.7898 -0.6096
vn -0.1625 0.9837 -0.0770
vn -0.2887 0.9560 -0.0513
vn -0.0177 0.7889 -0.6143
vn -0.0174 0.7889 -0.6143
vn -0.0221 0.7873 -0.6162
vn -0.1086 0.9922 -0.0606
vn -0.1144 0.9914 -0.0635
vn -0.1172 0.8612 -0.4946
vn -0.2678 0.9629 -0.0324
vn 0.1541 0.8473 -0.5083
vn -0.1287 0.9901 -0.0558
vn -0.1539 0.8474 -0.5082
vn -0.1530 0.8505 -0.5032
vn -0.1537 0.8509 -0.5023
vn -0.1540 0.8474 -0.5081
vn -0.2275 0.9155 -0.3318
vn 0.1645 0.8614 -0.4806
vn 0.1322 0.9898 -0.0524
vn 0.1320 0.9899 -0.0521
vn 0.1310 0.9901 -0.0514
vn -0.4256 0.8891 -0.1685
vn -0.2943 0.9477 -0.1237
vn 0.1732 0.8817 -0.4389
vn -0.1951 0.9020 -0.3852
vn -0.1751 0.9826 -0.0619
vn 0.0221 0.7870 -0.6165
vn 0.0111 0.7845 -0.6200
vn 0.0116 0.7845 -0.6200
vn -0.2223 0.9719 -0.0773
vn 0.2678 0.9629 -0.0324
vn 0.0176 0.7889 -0.6143
vn 0.0223 0.7872 -0.6163
vn 0.0221 0.7873 -0.6162
vn -0.1647 0.9833 0.0776
vn 0.1086 0.9922 -0.0606
vn 0.1029 0.9930 -0.0577
vn 0.0378 0.7876 -0.6150
vn 0.1028 0.8537 -0.5106
vn -0.1541 0.8473 -0.5083
vn 0.2225 0.9721 -0.0739
vn -0.1323 0.9898 -0.0524
vn -0.0378 0.7876 -0.6150
vn -0.1029 0.9930 -0.0577
vn 0.0983 0.8404 -0.5330
vn -0.1452 0.8399 -0.5229
vn 0.4245 0.8896 -0.1685
vn -0.1936 0.9778 -0.0799
vn 0.1951 0.9020 -0.3852
vn 0.1357 0.8679 -0.4778
vn -0.0848 0.8165 -0.5711
vn -0.0221 0.7870 -0.6166
vn -0.0223 0.7872 -0.6163
vn -0.0116 0.7845 -0.6200
vn -0.2755 0.9592 -0.0630
vn 0.0174 0.7889 -0.6143
vn -0.1732 0.8817 -0.4389
vn -0.1543 0.8512 -0.5016
vn -0.1358 0.8679 -0.4778
vn -0.0111 0.7845 -0.6200
vn 0.2275 0.9155 -0.3318
vn 0.1543 0.8512 -0.5016
vn 0.2943 0.9477 -0.1237
vn -0.1361 0.9882 -0.0709
vn -0.0928 0.8282 -0.5527
vn 0.1172 0.8612 -0.4946
vn 0.0928 0.8282 -0.5527
vn 0.1306 0.9901 -0.0513
vn 0.1282 0.9904 -0.0516
vn 0.1312 0.9901 -0.0489
vn -0.2465 0.9666 -0.0707
vn 0.1361 0.9882 -0.0709
vn -0.2996 0.8778 -0.3738
vn 0.1144 0.9914 -0.0635
vn -0.1028 0.8537 -0.5106
vt 0.597481 0.414022
vt 0.602301 0.413632
vt 0.603183 0.421875
vt 0.597614 0.421875
vt 0.605806 0.412488
vt 0.606457 0.418030
vt 0.607776 0.421875
vt 0.606436 0.425720
vt 0.605762 0.431262
vt 0.602272 0.430118
vt 0.597465 0.429728
vt 0.597386 0.406250
vt 0.602116 0.406250
vt 0.608211 0.406250
vt 0.608289 0.411370
vt 0.605655 0.406250
vt 0.608609 0.415961
vt 0.609705 0.421875
vt 0.609183 0.424177
vt 0.609198 0.419573
vt 0.608574 0.427789
vt 0.608135 0.437500
vt 0.605589 0.437500
vt 0.608232 0.432380
vt 0.602066 0.437500
vt 0.597354 0.437500
vt 0.597217 0.382772
vt 0.601973 0.382382
vt 0.603139 0.390625
vt 0.597555 0.390625
vt 0.605536 0.381238
vt 0.606400 0.386780
vt 0.607803 0.390625
vt 0.606477 0.394470
vt 0.605819 0.400012
vt 0.602307 0.398868
vt 0.597482 0.398478
vt 0.596734 0.375000
vt 0.601304 0.375000
vt 0.607825 0.375000
vt 0.608127 0.380120
vt 0.604992 0.375000
vt 0.608572 0.384711
vt 0.609782 0.390625
vt 0.609234 0.392927
vt 0.609220 0.388323
vt 0.608633 0.396539
vt 0.608302 0.401130
vt 0.383676 0.328662
vt 0.349539 0.295948
vt 0.329725 0.279168
vt 0.366906 0.314180
vt 0.333059 0.277003
vt 0.311489 0.258984
vt 0.310748 0.263079
vt 0.350799 0.300257
vt 0.290991 0.241821
vt 0.439982 0.380140
vt 0.400787 0.343430
vt 0.426642 0.368262
vt 0.369849 0.313126
vt 0.355425 0.295632
vt 0.365771 0.297354
vt 0.343065 0.278715
vt 0.321674 0.261042
vt 0.301676 0.244443
vt 0.283152 0.229024
vt 0.271840 0.225761
vt 0.292950 0.247972
vt 0.335676 0.287166
vt 0.400997 0.345394
vt 0.389209 0.334850
vt 0.413561 0.356605
vt 0.585587 0.506807
vt 0.586258 0.511557
vt 0.585011 0.512056
vt 0.582189 0.508891
vt 0.581011 0.507297
vt 0.589452 0.515566
vt 0.588336 0.516431
vt 0.587971 0.515822
vt 0.587331 0.514952
vt 0.594791 0.502604
vt 0.594189 0.505005
vt 0.585700 0.501922
vt 0.593880 0.508138
vt 0.580764 0.507052
vt 0.582775 0.504338
vt 0.584441 0.501932
vt 0.593750 0.515625
vt 0.593489 0.519221
vt 0.593766 0.511760
vt 0.591662 0.520957
vt 0.591598 0.520935
vt 0.519010 0.439206
vt 0.508005 0.426041
vt 0.488675 0.411020
vt 0.502807 0.427404
vt 0.503979 0.418015
vt 0.482532 0.400671
vt 0.469603 0.396154
vt 0.487138 0.416135
vt 0.461785 0.383880
vt 0.546756 0.463901
vt 0.535486 0.451325
vt 0.533525 0.454969
vt 0.527081 0.440880
vt 0.524678 0.434888
vt 0.535558 0.438847
vt 0.509345 0.416557
vt 0.487830 0.398773
vt 0.467978 0.382353
vt 0.449323 0.366760
vt 0.441553 0.367331
vt 0.450462 0.380882
vt 0.471284 0.404229
vt 0.509111 0.439510
vt 0.501298 0.437100
vt 0.520768 0.446593
vt 0.597437 0.445259
vt 0.602241 0.444881
vt 0.603083 0.453143
vt 0.597499 0.453023
vt 0.605735 0.443739
vt 0.606382 0.449284
vt 0.607711 0.453144
vt 0.606431 0.457126
vt 0.605864 0.462986
vt 0.602003 0.461417
vt 0.597151 0.460631
vt 0.608209 0.442620
vt 0.608530 0.447211
vt 0.609632 0.453125
vt 0.609133 0.455455
vt 0.609121 0.450823
vt 0.608664 0.459258
vt 0.610111 0.471354
vt 0.605648 0.469387
vt 0.608736 0.464412
vt 0.601375 0.468677
vt 0.596643 0.467904
vt 0.662252 0.503403
vt 0.667497 0.502762
vt 0.671953 0.506156
vt 0.663869 0.507094
vt 0.671883 0.501487
vt 0.676332 0.502737
vt 0.681751 0.503303
vt 0.680252 0.506952
vt 0.656250 0.500000
vt 0.660156 0.500000
vt 0.656847 0.503668
vt 0.664063 0.500000
vt 0.657118 0.507465
vt 0.671875 0.500000
vt 0.675781 0.500000
vt 0.667969 0.500000
vt 0.679688 0.500000
vt 0.687500 0.500000
vt 0.687500 0.503429
vt 0.683594 0.500000
vt 0.687500 0.507118
vt 0.640625 0.500000
vt 0.644531 0.500000
vt 0.641611 0.503903
vt 0.636719 0.503906
vt 0.648438 0.500000
vt 0.646559 0.503876
vt 0.652344 0.500000
vt 0.651619 0.503806
vt 0.724501 0.503304
vt 0.729926 0.502740
vt 0.734375 0.506187
vt 0.726006 0.506956
vt 0.734375 0.501491
vt 0.738824 0.502790
vt 0.744249 0.503504
vt 0.742744 0.507239
vt 0.718750 0.500000
vt 0.722656 0.500000
vt 0.718750 0.503429
vt 0.726563 0.500000
vt 0.718750 0.507118
vt 0.734375 0.500000
vt 0.738281 0.500000
vt 0.730469 0.500000
vt 0.742188 0.500000
vt 0.750000 0.500000
vt 0.750000 0.503906
vt 0.746094 0.500000
vt 0.750000 0.507813
vt 0.693251 0.503303
vt 0.698676 0.502733
vt 0.703125 0.506125
vt 0.694757 0.506949
vt 0.703125 0.501484
vt 0.707574 0.502733
vt 0.712999 0.503303
vt 0.711494 0.506949
vt 0.691406 0.500000
vt 0.695313 0.500000
vt 0.703125 0.500000
vt 0.707031 0.500000
vt 0.699219 0.500000
vt 0.710938 0.500000
vt 0.714844 0.500000
vt 0.387706 0.325598
vt 0.419682 0.354625
vt 0.317368 0.268738
vt 0.269098 0.226766
vt 0.444174 0.377203
vt 0.355760 0.302283
vt 0.266579 0.226925
vt 0.215002 0.182892
vt 0.150510 0.127975
vt 0.214301 0.179225
vt 0.077407 0.065802
vt 0.156250 0.128906
vt 0.000000 0.000000
vt 0.244562 0.189110
vt 0.256936 0.199380
vt 0.365254 0.279998
vt 0.356788 0.272980
vt 0.269294 0.209636
vt 0.373692 0.286993
vt 0.501769 0.382877
vt 0.498250 0.379944
vt 0.505247 0.385777
vt 0.161458 0.127604
vt 0.176189 0.139882
vt 0.232178 0.178833
vt 0.190915 0.152155
vt 0.205631 0.164421
vt 0.220334 0.176677
vt 0.281624 0.219871
vt 0.382086 0.293953
vt 0.508662 0.388627
vt 0.648294 0.493597
vt 0.650380 0.495275
vt 0.652383 0.496887
vt 0.654330 0.498455
vt 0.494710 0.376994
vt 0.348307 0.265951
vt 0.619571 0.449532
vt 0.619571 0.445405
vt 0.621296 0.445414
vt 0.621296 0.449561
vt 0.619573 0.441418
vt 0.621297 0.441419
vt 0.623123 0.445378
vt 0.623123 0.449438
vt 0.623123 0.441414
vt 0.618007 0.453671
vt 0.618001 0.449449
vt 0.619576 0.453867
vt 0.618000 0.445381
vt 0.618002 0.441415
vt 0.618007 0.437500
vt 0.619577 0.437500
vt 0.621300 0.437500
vt 0.623125 0.437500
vt 0.625000 0.437500
vt 0.625000 0.441406
vt 0.625000 0.445313
vt 0.625000 0.449219
vt 0.623125 0.453645
vt 0.625000 0.453125
vt 0.621300 0.453937
vt 0.619600 0.417969
vt 0.619605 0.414063
vt 0.621320 0.414063
vt 0.621317 0.417969
vt 0.619609 0.410156
vt 0.621323 0.410156
vt 0.623135 0.414063
vt 0.623133 0.417969
vt 0.623136 0.410156
vt 0.618028 0.421875
vt 0.618034 0.417969
vt 0.619595 0.421875
vt 0.618040 0.414063
vt 0.618046 0.410156
vt 0.618049 0.406250
vt 0.619612 0.406250
vt 0.621325 0.406250
vt 0.623138 0.406250
vt 0.625000 0.406250
vt 0.625000 0.410156
vt 0.625000 0.414063
vt 0.625000 0.417969
vt 0.623131 0.421875
vt 0.625000 0.421875
vt 0.621313 0.421875
vt 0.619609 0.386719
vt 0.619606 0.382813
vt 0.621324 0.382813
vt 0.621325 0.386719
vt 0.619603 0.378906
vt 0.621323 0.378906
vt 0.623138 0.382813
vt 0.623138 0.386719
vt 0.623137 0.378906
vt 0.618046 0.390625
vt 0.618040 0.386719
vt 0.619612 0.390625
vt 0.618034 0.382813
vt 0.618028 0.378906
vt 0.618022 0.375000
vt 0.619601 0.375000
vt 0.621322 0.375000
vt 0.623137 0.375000
vt 0.625000 0.375000
vt 0.625000 0.378906
vt 0.625000 0.382813
vt 0.625000 0.386719
vt 0.623138 0.390625
vt 0.625000 0.390625
vt 0.621325 0.390625
vt 0.272635 0.232342
vt 0.218617 0.184702
vt 0.204556 0.172723
vt 0.260723 0.221965
vt 0.191756 0.158491
vt 0.176588 0.145743
vt 0.190495 0.160743
vt 0.248810 0.211589
vt 0.161415 0.132992
vt 0.349475 0.299051
vt 0.284547 0.242718
vt 0.340231 0.290695
vt 0.232676 0.196680
vt 0.206919 0.171234
vt 0.146240 0.120239
vt 0.176432 0.148763
vt 0.236898 0.201213
vt 0.321744 0.273982
vt 0.312500 0.265625
vt 0.330987 0.282338
vt 0.471367 0.404236
vt 0.408521 0.349568
vt 0.398490 0.340288
vt 0.467113 0.399666
vt 0.382038 0.325490
vt 0.459180 0.391586
vt 0.474856 0.408051
vt 0.415475 0.356214
vt 0.339514 0.290090
vt 0.325247 0.277501
vt 0.302371 0.257655
vt 0.489949 0.424147
vt 0.436209 0.376149
vt 0.429026 0.369262
vt 0.485059 0.418883
vt 0.422127 0.362624
vt 0.479665 0.413167
vt 0.494675 0.429240
vt 0.443893 0.383474
vt 0.378370 0.325122
vt 0.368307 0.316061
vt 0.358762 0.307445
vt 0.321751 0.275087
vt 0.276553 0.234036
vt 0.261295 0.221055
vt 0.308806 0.263837
vt 0.254196 0.210953
vt 0.237766 0.197155
vt 0.246796 0.208709
vt 0.296513 0.253140
vt 0.222143 0.184028
vt 0.266101 0.214820
vt 0.250209 0.201578
vt 0.235084 0.188972
vt 0.619614 0.402344
vt 0.619614 0.398438
vt 0.621326 0.398438
vt 0.621326 0.402344
vt 0.619613 0.394531
vt 0.621326 0.394531
vt 0.623138 0.398438
vt 0.623138 0.402344
vt 0.623138 0.394531
vt 0.618051 0.402344
vt 0.618050 0.398438
vt 0.618048 0.394531
vt 0.625000 0.394531
vt 0.625000 0.398438
vt 0.625000 0.402344
vt 0.610105 0.401838
vt 0.610241 0.397685
vt 0.611476 0.398221
vt 0.611439 0.402195
vt 0.610491 0.393985
vt 0.611548 0.394382
vt 0.612482 0.398410
vt 0.612481 0.402325
vt 0.612485 0.394513
vt 0.610067 0.406250
vt 0.610781 0.390625
vt 0.611639 0.390625
vt 0.612489 0.390625
vt 0.613392 0.390625
vt 0.613400 0.394531
vt 0.613407 0.398438
vt 0.613411 0.402344
vt 0.612479 0.406250
vt 0.613411 0.406250
vt 0.611426 0.406250
vt 0.610473 0.387266
vt 0.610192 0.383565
vt 0.611426 0.383030
vt 0.611524 0.386868
vt 0.609999 0.379412
vt 0.611357 0.379056
vt 0.612426 0.382840
vt 0.612457 0.386737
vt 0.612399 0.378925
vt 0.609864 0.375000
vt 0.611303 0.375000
vt 0.612373 0.375000
vt 0.613303 0.375000
vt 0.613325 0.378906
vt 0.613347 0.382813
vt 0.613369 0.386719
vt 0.619581 0.433594
vt 0.619586 0.429688
vt 0.621306 0.429688
vt 0.621303 0.433594
vt 0.619590 0.425781
vt 0.621309 0.425781
vt 0.623128 0.429688
vt 0.623126 0.433594
vt 0.623130 0.425781
vt 0.618012 0.433594
vt 0.618016 0.429688
vt 0.618022 0.425781
vt 0.625000 0.425781
vt 0.625000 0.429688
vt 0.625000 0.433594
vt 0.610034 0.433088
vt 0.610180 0.428935
vt 0.611420 0.429471
vt 0.611372 0.433445
vt 0.610425 0.425234
vt 0.611496 0.425632
vt 0.612433 0.429660
vt 0.612422 0.433575
vt 0.612448 0.425763
vt 0.609988 0.437500
vt 0.610577 0.421875
vt 0.611544 0.421875
vt 0.612461 0.421875
vt 0.613377 0.421875
vt 0.613370 0.425781
vt 0.613365 0.429688
vt 0.613360 0.433594
vt 0.612414 0.437500
vt 0.613355 0.437500
vt 0.611354 0.437500
vt 0.610446 0.418516
vt 0.610221 0.414815
vt 0.611460 0.414280
vt 0.611517 0.418118
vt 0.610095 0.410662
vt 0.611430 0.410305
vt 0.612470 0.414090
vt 0.612467 0.417987
vt 0.612474 0.410175
vt 0.613406 0.410156
vt 0.613397 0.414063
vt 0.613387 0.417969
vt 0.618601 0.465966
vt 0.619314 0.462675
vt 0.621278 0.464388
vt 0.619345 0.466689
vt 0.619555 0.458401
vt 0.621302 0.458639
vt 0.623149 0.458003
vt 0.623345 0.462202
vt 0.623932 0.465650
vt 0.623115 0.466608
vt 0.622948 0.467706
vt 0.622061 0.467163
vt 0.621425 0.467760
vt 0.620592 0.467165
vt 0.619518 0.467714
vt 0.617381 0.468750
vt 0.617694 0.465603
vt 0.617731 0.468750
vt 0.617921 0.462097
vt 0.618069 0.468750
vt 0.618006 0.458012
vt 0.625000 0.457031
vt 0.625000 0.460938
vt 0.625000 0.468750
vt 0.624626 0.468750
vt 0.625000 0.464844
vt 0.624253 0.468750
vt 0.623505 0.468750
vt 0.623045 0.468750
vt 0.623879 0.468750
vt 0.622585 0.468750
vt 0.621665 0.468750
vt 0.620930 0.468750
vt 0.622125 0.468750
vt 0.620195 0.468750
vt 0.618724 0.468750
vt 0.618398 0.468750
vt 0.619459 0.468750
vt 0.610394 0.464857
vt 0.610250 0.460347
vt 0.611421 0.460821
vt 0.611464 0.464894
vt 0.610380 0.456509
vt 0.611454 0.456928
vt 0.612404 0.461073
vt 0.612375 0.464948
vt 0.612418 0.457145
vt 0.610803 0.469849
vt 0.610509 0.453128
vt 0.611487 0.453147
vt 0.612418 0.453198
vt 0.613350 0.453299
vt 0.613358 0.457343
vt 0.613330 0.461306
vt 0.613238 0.465085
vt 0.612337 0.468791
vt 0.613106 0.468750
vt 0.611557 0.469076
vt 0.610371 0.449767
vt 0.610142 0.446066
vt 0.611388 0.445532
vt 0.611451 0.449377
vt 0.610014 0.441912
vt 0.611356 0.441556
vt 0.612408 0.445349
vt 0.612413 0.449268
vt 0.612409 0.441426
vt 0.613349 0.441409
vt 0.613345 0.445334
vt 0.613344 0.449292
vt 0.578677 0.503371
vt 0.563618 0.487228
vt 0.557105 0.484838
vt 0.575367 0.504065
vt 0.548580 0.471109
vt 0.539003 0.465801
vt 0.550794 0.482691
vt 0.572082 0.504790
vt 0.530090 0.461285
vt 0.582002 0.502694
vt 0.593750 0.519531
vt 0.570253 0.489763
vt 0.558505 0.476832
vt 0.521857 0.457587
vt 0.544605 0.480688
vt 0.568813 0.505533
vt 0.593750 0.523438
vt 0.583955 0.517148
vt 0.584630 0.517608
vt 0.593750 0.523522
vt 0.591985 0.500674
vt 0.590219 0.497441
vt 0.583564 0.494882
vt 0.588657 0.501347
vt 0.588454 0.494208
vt 0.578471 0.488416
vt 0.576908 0.492322
vt 0.585329 0.502021
vt 0.568488 0.482624
vt 0.593750 0.500000
vt 0.595312 0.500000
vt 0.593750 0.503906
vt 0.596874 0.500000
vt 0.598437 0.500000
vt 0.599999 0.500000
vt 0.586688 0.490975
vt 0.573378 0.481951
vt 0.560067 0.472926
vt 0.593750 0.511719
vt 0.593750 0.507813
vt 0.584934 0.487751
vt 0.583250 0.484579
vt 0.563937 0.469575
vt 0.568378 0.475555
vt 0.581683 0.481494
vt 0.560429 0.464290
vt 0.545474 0.455204
vt 0.551927 0.463437
vt 0.542100 0.449265
vt 0.601561 0.500000
vt 0.603123 0.500000
vt 0.604685 0.500000
vt 0.606247 0.500000
vt 0.580186 0.478461
vt 0.557479 0.459422
vt 0.541485 0.445384
vt 0.541961 0.475734
vt 0.510079 0.445286
vt 0.504954 0.440026
vt 0.535750 0.469294
vt 0.541888 0.475605
vt 0.470399 0.408450
vt 0.461160 0.399779
vt 0.452258 0.391394
vt 0.499749 0.434611
vt 0.543465 0.477776
vt 0.515654 0.450996
vt 0.479869 0.417330
vt 0.557973 0.493810
vt 0.535371 0.471005
vt 0.528929 0.464593
vt 0.553660 0.489388
vt 0.508739 0.444407
vt 0.499132 0.435414
vt 0.522135 0.457666
vt 0.548205 0.483271
vt 0.489481 0.426356
vt 0.561643 0.497016
vt 0.541544 0.477045
vt 0.518312 0.453354
vt 0.493514 0.427802
vt 0.480131 0.415887
vt 0.466748 0.403971
vt 0.453365 0.392056
vt 0.453620 0.389325
vt 0.430828 0.364633
vt 0.410731 0.347674
vt 0.435584 0.373576
vt 0.421350 0.350537
vt 0.400403 0.333026
vt 0.390331 0.330431
vt 0.418022 0.358317
vt 0.378181 0.314535
vt 0.483415 0.419809
vt 0.431196 0.351404
vt 0.411680 0.334994
vt 0.389321 0.316590
vt 0.453486 0.392201
vt 0.467721 0.405133
vt 0.596004 0.474767
vt 0.600656 0.475756
vt 0.599455 0.484638
vt 0.594720 0.480738
vt 0.605149 0.475028
vt 0.604819 0.480183
vt 0.605298 0.484458
vt 0.602341 0.488939
vt 0.600202 0.494376
vt 0.598092 0.493472
vt 0.595392 0.494525
vt 0.594570 0.488713
vt 0.592153 0.484771
vt 0.590817 0.473373
vt 0.590013 0.478574
vt 0.609509 0.473755
vt 0.608980 0.476888
vt 0.608047 0.484375
vt 0.606035 0.488281
vt 0.608501 0.480509
vt 0.604023 0.492188
vt 0.598453 0.500041
vt 0.602011 0.496094
vt 0.597005 0.500326
vt 0.591500 0.495996
vt 0.595752 0.501099
vt 0.590163 0.490877
vt 0.586955 0.484714
vt 0.588527 0.482407
vt 0.588546 0.487071
vt 0.512011 0.391424
vt 0.390462 0.300899
vt 0.399001 0.307982
vt 0.515365 0.394228
vt 0.293976 0.230123
vt 0.306619 0.240618
vt 0.407925 0.315385
vt 0.518810 0.397110
vt 0.319882 0.251627
vt 0.646093 0.491825
vt 0.334092 0.263420
vt 0.417455 0.323291
vt 0.522433 0.400144
vt 0.641115 0.487819
vt 0.638219 0.485488
vt 0.643720 0.489915
vt 0.526379 0.403439
vt 0.427853 0.331903
vt 0.439550 0.341504
vt 0.531022 0.407257
vt 0.349562 0.276246
vt 0.366546 0.290251
vt 0.453017 0.352397
vt 0.536794 0.411894
vt 0.385282 0.305561
vt 0.635017 0.482910
vt 0.406010 0.322301
vt 0.468724 0.364885
vt 0.544126 0.417649
vt 0.628432 0.477610
vt 0.625489 0.475242
vt 0.631681 0.480226
vt 0.553803 0.425025
vt 0.487415 0.379427
vt 0.513674 0.399040
vt 0.568631 0.435720
vt 0.428468 0.340250
vt 0.449370 0.357151
vt 0.463805 0.369690
vt 0.511710 0.399906
vt 0.563748 0.433979
vt 0.570299 0.437461
vt 0.591565 0.451481
vt 0.623013 0.473249
vt 0.620931 0.471573
vt 0.476549 0.381031
vt 0.517498 0.405890
vt 0.615686 0.468750
vt 0.616179 0.468750
vt 0.565127 0.436119
vt 0.616622 0.468750
vt 0.619112 0.470109
vt 0.617031 0.468750
vt 0.568833 0.439879
vt 0.526073 0.413737
vt 0.536537 0.422811
vt 0.573699 0.444393
vt 0.490717 0.393278
vt 0.506681 0.406740
vt 0.548328 0.432640
vt 0.579343 0.449342
vt 0.524180 0.421226
vt 0.615129 0.468750
vt 0.541399 0.434934
vt 0.560381 0.442219
vt 0.585320 0.454338
vt 0.613834 0.468750
vt 0.614510 0.468750
vt 0.591268 0.459073
vt 0.571877 0.450770
vt 0.583472 0.458960
vt 0.597221 0.463626
vt 0.555540 0.444982
vt 0.570649 0.455056
vt 0.595928 0.467594
vt 0.603275 0.468143
vt 0.588697 0.467139
vt 0.541935 0.441478
vt 0.558379 0.451610
vt 0.581535 0.466742
vt 0.608947 0.476563
vt 0.609397 0.472656
vt 0.610691 0.468750
vt 0.609847 0.468750
vt 0.611524 0.468750
vt 0.614097 0.465352
vt 0.614302 0.461698
vt 0.615483 0.462669
vt 0.614923 0.465996
vt 0.614355 0.457624
vt 0.615451 0.457885
vt 0.616656 0.457896
vt 0.616714 0.462021
vt 0.616859 0.465568
vt 0.616145 0.466050
vt 0.615625 0.467267
vt 0.614341 0.453446
vt 0.615426 0.453562
vt 0.616634 0.453597
vt 0.615865 0.468750
vt 0.615204 0.468750
vt 0.616254 0.468750
vt 0.614339 0.433594
vt 0.614344 0.429688
vt 0.615423 0.429688
vt 0.615418 0.433594
vt 0.614349 0.425781
vt 0.615428 0.425781
vt 0.616636 0.429688
vt 0.616631 0.433594
vt 0.616641 0.425781
vt 0.614335 0.437500
vt 0.614355 0.421875
vt 0.615434 0.421875
vt 0.616647 0.421875
vt 0.616626 0.437500
vt 0.615414 0.437500
vt 0.614386 0.402344
vt 0.614383 0.398438
vt 0.615460 0.398438
vt 0.615463 0.402344
vt 0.614376 0.394531
vt 0.615455 0.394531
vt 0.616672 0.398438
vt 0.616673 0.402344
vt 0.616668 0.394531
vt 0.614386 0.406250
vt 0.614368 0.390625
vt 0.615449 0.390625
vt 0.616664 0.390625
vt 0.616672 0.406250
vt 0.615463 0.406250
vt 0.614330 0.449354
vt 0.614327 0.445353
vt 0.615407 0.445367
vt 0.615411 0.449403
vt 0.614330 0.441411
vt 0.615409 0.441413
vt 0.616619 0.445371
vt 0.616622 0.449418
vt 0.616621 0.441414
vt 0.614364 0.417969
vt 0.614373 0.414062
vt 0.615451 0.414063
vt 0.615442 0.417969
vt 0.614381 0.410156
vt 0.615458 0.410156
vt 0.616662 0.414063
vt 0.616654 0.417969
vt 0.616668 0.410156
vt 0.614348 0.386719
vt 0.614327 0.382813
vt 0.615417 0.382812
vt 0.615433 0.386719
vt 0.614307 0.378906
vt 0.615400 0.378906
vt 0.616643 0.382813
vt 0.616653 0.386719
vt 0.616632 0.378906
vt 0.614287 0.375000
vt 0.615384 0.375000
vt 0.616621 0.375000
vt 0.597464 0.429728
vt 0.329724 0.279168
vt 0.283152 0.229023
vt 0.589451 0.515566
vt 0.587971 0.515821
vt 0.482532 0.400672
vt 0.606431 0.457127
vt 0.608663 0.459258
vt 0.707574 0.502734
vt 0.351198 0.292653
vt 0.522062 0.440709
vt 0.517051 0.439305
vt 0.529682 0.449529
vt 0.244561 0.189110
vt 0.623122 0.445378
vt 0.618003 0.441415
vt 0.621320 0.414062
vt 0.618040 0.414062
vt 0.621324 0.386719
vt 0.621323 0.382812
vt 0.618034 0.382812
vt 0.276552 0.234036
vt 0.611426 0.383029
vt 0.611357 0.379055
vt 0.613347 0.382812
vt 0.618017 0.429688
vt 0.611430 0.410306
vt 0.613397 0.414062
vt 0.618601 0.465967
vt 0.590014 0.478574
vt 0.631681 0.480225
vt 0.544126 0.417650
vt 0.511710 0.399907
vt 0.541400 0.434934
vt 0.583473 0.458960
vt 0.615462 0.406250
vt 0.615451 0.414062
vt 0.616662 0.414062
vt 0.566990 0.502011
vt 0.561393 0.497521
vt 0.584143 0.481331
vt 0.586430 0.478394
vt 0.586856 0.477836
vt 0.593422 0.445279
vt 0.593375 0.447881
vt 0.593242 0.452951
vt 0.589434 0.473146
vt 0.590770 0.469378
vt 0.591115 0.468394
vt 0.593876 0.414047
vt 0.593919 0.410688
vt 0.593991 0.406250
vt 0.593767 0.418760
vt 0.593711 0.421875
vt 0.593626 0.425826
vt 0.593560 0.429701
vt 0.515580 0.446638
vt 0.517433 0.448952
vt 0.519481 0.451340
vt 0.584011 0.484616
vt 0.584503 0.487572
vt 0.584545 0.487819
vt 0.547626 0.481968
vt 0.546771 0.481046
vt 0.542513 0.476299
vt 0.593465 0.437500
vt 0.593626 0.425827
vt 0.497771 0.427762
vt 0.499073 0.429023
vt 0.506901 0.436601
vt 0.560203 0.496283
vt 0.556524 0.492453
vt 0.593918 0.410688
vt 0.517434 0.448953
vt 0.515581 0.446639
vt 0.490356 0.420277
vt 0.492116 0.420288
vt 0.593921 0.390625
vt 0.593992 0.396941
vt 0.594011 0.398454
vt 0.529573 0.462716
vt 0.524315 0.456862
vt 0.592692 0.460339
vt 0.592058 0.463979
vt 0.591506 0.467185
vt 0.588830 0.474246
vt 0.588868 0.474176
vt 0.551985 0.487156
vt 0.585355 0.496701
vt 0.585254 0.497381
vt 0.591555 0.520914
vt 0.577470 0.514462
vt 0.585091 0.491829
vt 0.584614 0.488267
vt 0.585090 0.491829
vt 0.585281 0.495016
vt 0.553980 0.489559
vt 0.593796 0.382796
vt 0.593655 0.378910
vt 0.593517 0.375000
vt 0.511773 0.441993
vt 0.593916 0.390449
vt 0.593852 0.386641
vt 0.593796 0.382811
vt 0.595450 0.502474
vt 0.530487 0.463683
vt 0.594002 0.401275
vt 0.592861 0.457948
vt 0.592984 0.456322
vt 0.530488 0.463684
vt 0.513176 0.443846
vt 0.585354 0.496701
vt 0.497771 0.427763
vt 0.584615 0.488267
vt 0.583529 0.481982
vt 0.585253 0.497381
vt 0.593465 0.438213
vt 0.499074 0.429024
vt 0.584540 0.501538
s 1
usemtl Gloss_Red
f 673/1/1 674/2/1 672/3/1 682/4/1
f 675/5/2 676/6/2 672/3/2 674/2/2
f 677/7/3 678/8/3 672/3/3 676/6/3
f 679/9/4 680/10/5 672/3/6 678/8/6
f 681/11/7 682/4/8 672/3/8 680/10/9
f 146/12/10 145/13/10 674/2/10 673/1/10
f 38/14/11 189/15/12 675/5/13 144/16/14
f 189/15/12 188/17/15 676/6/16 675/5/13
f 144/16/17 675/5/17 674/2/17 145/13/17
f 53/18/18 243/19/18 677/7/18 187/20/18
f 243/19/19 242/21/20 678/8/21 677/7/19
f 187/20/22 677/7/22 676/6/16 188/17/15
f 37/22/23 141/23/24 679/9/25 241/24/26
f 141/23/27 142/25/28 680/10/5 679/9/4
f 241/24/26 679/9/25 678/8/21 242/21/20
f 143/26/29 681/11/7 680/10/9 142/25/30
f 684/27/31 685/28/31 683/29/31 693/30/31
f 686/31/32 687/32/32 683/29/32 685/28/32
f 688/33/33 689/34/33 683/29/33 687/32/33
f 690/35/34 691/36/34 683/29/34 689/34/34
f 692/37/35 693/30/35 683/29/35 691/36/35
f 139/38/36 138/39/36 685/28/36 684/27/36
f 85/40/37 195/41/38 686/31/39 137/42/37
f 195/41/38 194/43/40 687/32/41 686/31/39
f 137/42/42 686/31/43 685/28/43 138/39/42
f 54/44/44 249/45/44 688/33/44 193/46/44
f 249/45/45 248/47/46 689/34/47 688/33/45
f 193/46/48 688/33/48 687/32/41 194/43/40
f 38/14/11 144/16/14 690/35/49 247/48/50
f 144/16/51 145/13/51 691/36/51 690/35/51
f 247/48/50 690/35/49 689/34/47 248/47/46
f 146/12/52 692/37/52 691/36/52 145/13/52
f 695/49/53 696/50/54 699/51/55 698/52/56
f 696/50/54 697/53/57 700/54/58 699/51/55
f 698/52/56 699/51/55 702/55/59 701/56/60
f 699/51/55 700/54/58 703/57/61 702/55/59
f 63/58/62 328/59/63 695/49/64 317/60/65
f 328/59/66 327/61/67 696/50/54 695/49/53
f 327/61/67 326/62/68 697/53/57 696/50/54
f 326/62/69 47/63/70 225/64/71 697/53/72
f 697/53/72 225/64/71 224/65/73 700/54/74
f 700/54/74 224/65/73 223/66/75 703/57/76
f 703/57/76 223/66/75 40/67/77 204/68/78
f 702/55/59 703/57/61 204/68/79 203/69/80
f 701/56/60 702/55/59 203/69/80 202/70/81
f 319/71/82 701/56/83 202/70/84 57/72/84
f 318/73/85 698/52/86 701/56/83 319/71/82
f 317/60/65 695/49/64 698/52/86 318/73/85
f 705/74/87 706/75/87 1646/76/87 1645/77/87 1644/78/87
f 707/79/88 1655/80/88 1654/81/88 1647/82/88 1646/76/88 706/75/88
f 34/83/89 217/84/89 705/74/89 127/85/89
f 217/84/90 218/86/90 706/75/90 705/74/90
f 127/85/91 705/74/91 1644/78/91 1643/87/91 1642/88/91 1641/89/91
f 45/90/92 149/91/92 707/79/92 219/92/92
f 149/91/93 150/93/93 1656/94/93 1655/80/93 707/79/93
f 219/92/94 707/79/94 706/75/94 218/86/94
f 708/95/95 709/96/96 712/97/96 711/98/97
f 709/96/98 710/99/98 713/100/98 712/97/98
f 711/98/99 712/97/100 715/101/100 714/102/101
f 712/97/102 713/100/102 716/103/102 715/101/102
f 62/104/103 316/105/104 708/95/105 305/106/103
f 316/105/104 315/107/106 709/96/107 708/95/105
f 315/107/106 314/108/108 710/99/108 709/96/107
f 314/108/109 46/109/109 222/110/109 710/99/109
f 710/99/110 222/110/110 221/111/110 713/100/110
f 713/100/111 221/111/111 220/112/111 716/103/111
f 716/103/112 220/112/112 39/113/112 198/114/112
f 715/101/113 716/103/114 198/114/114 197/115/115
f 714/102/116 715/101/113 197/115/115 196/116/116
f 307/117/117 714/102/117 196/116/117 55/118/117
f 306/119/118 711/98/99 714/102/101 307/117/118
f 305/106/119 708/95/95 711/98/97 306/119/119
f 718/120/120 719/121/120 717/122/121 727/123/122
f 720/124/123 721/125/123 717/122/123 719/121/123
f 722/126/124 723/127/124 717/122/124 721/125/124
f 724/128/125 725/129/125 717/122/125 723/127/125
f 726/130/126 727/123/122 717/122/121 725/129/126
f 143/26/29 142/25/30 719/121/127 718/120/127
f 37/22/23 183/131/128 720/124/129 141/23/24
f 183/131/128 182/132/130 721/125/130 720/124/129
f 141/23/27 720/124/131 719/121/131 142/25/28
f 51/133/132 237/134/132 722/126/132 181/135/132
f 237/134/133 236/136/133 723/127/133 722/126/133
f 181/135/134 722/126/134 721/125/134 182/132/134
f 36/137/135 155/138/136 724/128/137 235/139/138
f 155/138/139 156/140/139 725/129/139 724/128/139
f 235/139/138 724/128/137 723/127/140 236/136/140
f 157/141/141 726/130/141 725/129/141 156/140/141
f 732/142/142 733/143/142 731/144/142 738/145/142
f 734/146/143 735/147/143 731/144/143 733/143/143
f 736/148/144 737/149/144 731/144/144 735/147/144
f 32/150/145 130/151/145 732/142/145 171/152/145
f 130/151/146 129/153/147 733/143/148 732/142/146
f 171/152/149 732/142/149 738/145/149 172/154/149
f 42/155/150 210/156/151 734/146/152 128/157/153
f 210/156/151 209/158/154 735/147/155 734/146/152
f 128/157/153 734/146/152 733/143/148 129/153/147
f 31/159/156 167/160/156 736/148/157 208/161/158
f 167/160/159 168/162/159 737/149/159 736/148/159
f 208/161/158 736/148/157 735/147/160 209/158/160
f 30/163/161 397/164/161 739/165/161 164/166/161
f 397/164/162 396/167/162 740/168/162 739/165/162
f 396/167/163 395/169/163 741/170/163 740/168/163
f 395/169/164 32/150/164 171/152/164 741/170/164
f 743/171/165 744/172/165 742/173/165 749/174/165
f 745/175/166 746/176/166 742/173/166 744/172/166
f 747/177/167 748/178/167 742/173/167 746/176/167
f 33/179/168 133/180/169 743/171/170 169/181/171
f 133/180/169 132/182/172 744/172/172 743/171/170
f 169/181/173 743/171/173 749/174/173 170/183/173
f 43/184/174 213/185/174 745/175/174 131/186/174
f 213/185/175 212/187/175 746/176/175 745/175/175
f 131/186/176 745/175/176 744/172/176 132/182/176
f 76/188/177 165/189/177 747/177/178 211/190/179
f 165/189/180 166/191/180 748/178/181 747/177/181
f 211/190/179 747/177/178 746/176/182 212/187/182
f 751/192/183 752/193/183 750/194/183 757/195/183
f 753/196/184 754/197/184 750/194/184 752/193/184
f 755/198/185 756/199/185 750/194/185 754/197/185
f 31/159/186 126/200/186 751/192/186 167/160/186
f 126/200/187 125/201/187 752/193/187 751/192/187
f 167/160/188 751/192/188 757/195/188 168/162/188
f 41/202/189 207/203/189 753/196/189 124/204/189
f 207/203/190 206/205/190 754/197/190 753/196/190
f 124/204/191 753/196/191 752/193/191 125/201/191
f 33/179/168 169/181/171 755/198/192 205/206/192
f 169/181/193 170/183/193 756/199/193 755/198/193
f 205/206/194 755/198/194 754/197/194 206/205/194
f 758/207/195 759/208/195 762/209/195 761/210/195
f 759/208/196 174/211/196 173/212/196 762/209/196
f 762/209/197 173/212/197 48/213/197 228/214/197
f 761/210/198 762/209/198 228/214/198 227/215/198
f 760/216/199 761/210/199 227/215/199 226/217/199
f 164/218/200 760/216/200 226/217/200 30/219/200
f 763/220/201 764/221/201 767/222/201 766/223/201
f 764/221/202 765/224/202 768/225/202 767/222/202
f 766/223/203 767/222/203 770/226/203 769/227/203
f 767/222/204 768/225/204 771/228/204 770/226/204
f 30/229/205 253/230/205 763/220/205 397/231/205
f 253/230/206 254/232/206 764/221/206 763/220/206
f 254/232/207 255/233/207 765/224/207 764/221/207
f 255/233/208 56/234/208 332/235/208 765/224/208
f 765/224/209 332/235/209 333/236/209 768/225/209
f 768/225/210 333/236/210 334/237/210 771/228/210
f 771/228/211 334/237/211 64/238/211 331/239/211
f 770/226/212 771/228/213 331/239/213 330/240/214
f 769/227/215 770/226/212 330/240/214 329/241/216
f 395/242/217 769/227/215 329/241/216 32/150/217
f 396/243/218 766/223/218 769/227/218 395/242/218
f 397/231/219 763/220/219 766/223/219 396/243/219
f 772/244/220 773/245/221 776/246/222 775/247/223
f 773/245/221 774/248/224 777/249/225 776/246/222
f 775/247/223 776/246/222 779/250/226 778/251/227
f 776/246/222 777/249/228 780/252/229 779/250/226
f 61/253/230 304/254/231 772/244/220 293/255/232
f 304/254/231 303/256/233 773/245/221 772/244/220
f 303/256/233 302/257/234 774/248/224 773/245/221
f 302/257/234 50/258/235 234/259/236 774/248/224
f 774/248/224 234/259/236 233/260/237 777/249/225
f 777/249/228 233/260/238 232/261/238 780/252/229
f 780/252/239 232/261/240 31/262/240 208/263/241
f 779/250/242 780/252/239 208/263/241 209/264/242
f 778/251/227 779/250/226 209/264/154 210/265/151
f 295/266/243 778/251/227 210/265/151 42/267/150
f 294/268/244 775/247/223 778/251/227 295/266/243
f 293/255/232 772/244/220 775/247/223 294/268/244
f 781/269/245 782/270/246 785/271/247 784/272/248
f 782/270/246 783/273/249 786/274/250 785/271/247
f 784/272/248 785/271/247 788/275/251 787/276/252
f 785/271/247 786/274/250 789/277/253 788/275/253
f 60/278/254 292/279/255 781/269/245 281/280/256
f 292/279/255 291/281/257 782/270/246 781/269/245
f 291/281/257 290/282/258 783/273/258 782/270/246
f 290/282/259 52/283/260 240/284/261 783/273/262
f 783/273/262 240/284/261 239/285/263 786/274/264
f 786/274/264 239/285/263 238/286/265 789/277/265
f 789/277/266 238/286/266 33/287/266 205/288/266
f 788/275/267 789/277/268 205/288/268 206/289/269
f 787/276/270 788/275/267 206/289/269 207/290/270
f 283/291/271 787/276/252 207/290/272 41/292/273
f 282/293/274 784/272/248 787/276/252 283/291/271
f 281/280/256 781/269/245 784/272/248 282/293/274
f 790/294/275 791/295/276 794/296/277 793/297/278
f 791/295/276 792/298/279 795/299/280 794/296/277
f 793/297/278 794/296/277 797/300/281 796/301/282
f 794/296/277 795/299/280 798/302/283 797/300/281
f 59/303/284 280/304/285 790/294/275 269/305/286
f 280/304/285 279/306/287 791/295/276 790/294/275
f 279/306/287 278/307/288 792/298/279 791/295/276
f 278/307/288 101/308/289 246/309/290 792/298/279
f 792/298/279 246/309/290 245/310/291 795/299/280
f 795/299/280 245/310/291 244/311/292 798/302/283
f 798/302/293 244/311/294 76/312/294 211/313/295
f 797/300/296 798/302/293 211/313/295 212/314/297
f 796/301/298 797/300/296 212/314/297 213/315/298
f 271/316/299 796/301/282 213/315/300 43/317/300
f 270/318/301 793/297/278 796/301/282 271/316/299
f 269/305/286 790/294/275 793/297/278 270/318/301
f 799/319/302 800/320/302 803/321/302 802/322/302
f 800/320/303 801/323/303 804/324/303 803/321/303
f 802/322/304 803/321/304 806/325/304 805/326/304
f 803/321/305 804/324/305 807/327/305 806/325/305
f 58/328/306 268/329/307 799/319/308 258/330/309
f 268/329/310 267/331/310 800/320/310 799/319/310
f 267/331/311 266/332/311 801/323/311 800/320/311
f 266/332/312 56/234/312 255/233/312 801/323/312
f 801/323/313 255/233/313 254/232/313 804/324/313
f 804/324/314 254/232/314 253/230/314 807/327/314
f 807/327/315 253/230/315 30/229/315 226/333/315
f 806/325/316 807/327/316 226/333/316 227/334/316
f 805/326/317 806/325/317 227/334/317 228/335/317
f 260/336/318 805/326/318 228/335/318 48/337/318
f 259/338/319 802/322/320 805/326/321 260/336/321
f 258/330/309 799/319/308 802/322/320 259/338/319
f 808/339/322 809/340/322 811/341/322 810/342/322
f 810/342/323 811/341/323 813/343/323 812/344/323
f 265/345/324 264/346/325 809/340/326 808/339/324
f 264/346/325 58/328/327 258/347/328 809/340/326
f 809/340/326 258/347/328 259/348/329 811/341/330
f 811/341/330 259/348/329 260/349/331 813/343/331
f 813/343/332 260/349/332 48/213/332 173/212/332
f 812/344/333 813/343/333 173/212/333 174/211/333
f 814/350/334 815/351/335 817/352/335 816/353/336
f 816/353/337 817/352/338 819/354/339 818/355/340
f 256/356/341 257/357/342 815/351/342 814/350/343
f 257/357/344 57/72/344 261/358/344 815/351/344
f 815/351/345 261/358/345 262/359/345 817/352/345
f 817/352/338 262/359/346 263/360/346 819/354/339
f 819/354/347 263/360/348 58/328/306 264/346/349
f 818/355/350 819/354/347 264/346/349 265/345/350
f 820/361/351 821/362/352 824/363/353 823/364/353
f 821/362/352 822/365/354 825/366/355 824/363/356
f 823/364/357 824/363/358 827/367/358 826/368/359
f 824/363/356 825/366/355 828/369/360 827/367/360
f 57/72/361 202/70/361 820/361/362 261/358/363
f 202/70/81 203/69/80 821/362/352 820/361/351
f 203/69/80 204/68/79 822/365/354 821/362/352
f 204/68/78 40/67/77 201/370/364 822/365/365
f 822/365/365 201/370/364 200/371/366 825/366/367
f 825/366/367 200/371/366 199/372/368 828/369/368
f 828/369/369 199/372/369 56/234/369 266/332/369
f 827/367/370 828/369/370 266/332/370 267/331/370
f 826/368/359 827/367/371 267/331/371 268/329/307
f 263/360/348 826/368/359 268/329/307 58/328/306
f 262/359/372 823/364/357 826/368/359 263/360/348
f 261/358/363 820/361/362 823/364/357 262/359/372
f 829/373/373 830/374/374 833/375/375 832/376/373
f 830/374/374 831/377/376 834/378/377 833/375/375
f 832/376/378 833/375/379 836/379/380 835/380/378
f 833/375/379 834/378/381 837/381/382 836/379/380
f 52/283/383 277/382/383 829/373/384 240/284/385
f 277/382/386 276/383/387 830/374/374 829/373/388
f 276/383/387 275/384/389 831/377/376 830/374/374
f 275/384/389 59/303/284 269/305/286 831/377/376
f 831/377/376 269/305/286 270/318/301 834/378/377
f 834/378/381 270/318/390 271/316/390 837/381/382
f 837/381/391 271/316/392 43/317/392 131/385/393
f 836/379/394 837/381/391 131/385/393 132/386/395
f 835/380/396 836/379/394 132/386/395 133/387/397
f 238/286/398 835/380/396 133/387/397 33/287/398
f 239/285/399 832/376/400 835/380/401 238/286/401
f 240/284/385 829/373/384 832/376/400 239/285/399
f 838/388/402 839/389/403 842/390/404 841/391/405
f 839/389/403 840/392/406 843/393/406 842/390/404
f 841/391/407 842/390/408 845/394/409 844/395/410
f 842/390/408 843/393/411 846/396/412 845/394/409
f 38/14/413 247/48/414 838/388/415 186/397/416
f 247/48/414 248/47/417 839/389/418 838/388/415
f 248/47/417 249/45/419 840/392/420 839/389/418
f 249/45/419 54/44/421 365/398/421 840/392/420
f 840/392/406 365/398/422 366/399/422 843/393/406
f 843/393/411 366/399/423 367/400/424 846/396/412
f 846/396/425 367/400/426 71/401/427 385/402/428
f 845/394/429 846/396/425 385/402/428 384/403/430
f 844/395/431 845/394/429 384/403/430 383/404/432
f 184/405/433 844/395/431 383/404/432 72/406/434
f 185/407/435 841/391/407 844/395/410 184/405/436
f 186/397/437 838/388/402 841/391/405 185/407/438
f 847/408/439 848/409/440 851/410/441 850/411/442
f 848/409/440 849/412/443 852/413/444 851/410/441
f 850/411/445 851/410/446 854/414/447 853/415/448
f 851/410/446 852/413/449 855/416/450 854/414/447
f 54/44/451 193/46/452 847/408/453 365/398/451
f 193/46/452 194/43/454 848/409/455 847/408/453
f 194/43/454 195/41/456 849/412/457 848/409/455
f 195/41/456 85/40/458 192/417/458 849/412/457
f 849/412/443 192/417/459 191/418/459 852/413/444
f 852/413/449 191/418/460 190/419/460 855/416/450
f 855/416/461 190/419/462 120/420/462 394/421/463
f 854/414/464 855/416/461 394/421/463 393/422/465
f 853/415/466 854/414/464 393/422/465 392/423/467
f 367/400/426 853/415/466 392/423/467 71/401/427
f 366/399/423 850/411/445 853/415/448 367/400/424
f 365/398/468 847/408/439 850/411/442 366/399/468
f 856/424/469 857/425/470 860/426/471 859/427/472
f 857/425/473 858/428/474 861/429/475 860/426/476
f 859/427/472 860/426/471 863/430/477 862/431/478
f 860/426/476 861/429/475 864/432/479 863/430/480
f 50/258/481 289/433/482 856/424/483 234/259/484
f 289/433/485 288/434/486 857/425/470 856/424/469
f 288/434/487 287/435/488 858/428/474 857/425/473
f 287/435/489 60/278/254 281/280/490 858/428/490
f 858/428/490 281/280/490 282/293/274 861/429/491
f 861/429/491 282/293/274 283/291/271 864/432/492
f 864/432/492 283/291/271 41/292/273 124/436/493
f 863/430/480 864/432/479 124/436/494 125/437/494
f 862/431/478 863/430/477 125/437/495 126/438/495
f 232/261/496 862/431/497 126/438/498 31/262/498
f 233/260/499 859/427/500 862/431/497 232/261/496
f 234/259/484 856/424/483 859/427/500 233/260/499
f 865/439/501 866/440/502 869/441/503 868/442/504
f 866/440/502 867/443/505 870/444/506 869/441/503
f 868/442/507 869/441/508 872/445/509 871/446/510
f 869/441/508 870/444/511 873/447/512 872/445/509
f 37/22/513 241/24/514 865/439/515 180/448/516
f 241/24/514 242/21/517 866/440/518 865/439/515
f 242/21/517 243/19/519 867/443/520 866/440/518
f 243/19/519 53/18/521 359/449/521 867/443/520
f 867/443/505 359/449/522 360/450/522 870/444/506
f 870/444/511 360/450/523 361/451/524 873/447/512
f 873/447/525 361/451/526 69/452/527 382/453/528
f 872/445/529 873/447/525 382/453/528 381/454/530
f 871/446/531 872/445/529 381/454/530 380/455/532
f 178/456/533 871/446/531 380/455/532 70/457/534
f 179/458/535 868/442/507 871/446/510 178/456/536
f 180/448/537 865/439/501 868/442/504 179/458/538
f 874/459/539 875/460/540 878/461/541 877/462/542
f 875/460/540 876/463/543 879/464/544 878/461/541
f 877/462/545 878/461/546 881/465/547 880/466/548
f 878/461/546 879/464/549 882/467/550 881/465/547
f 53/18/551 187/20/552 874/459/553 359/449/551
f 187/20/552 188/17/554 875/460/555 874/459/553
f 188/17/554 189/15/556 876/463/557 875/460/555
f 189/15/556 38/14/413 186/397/416 876/463/557
f 876/463/543 186/397/437 185/407/438 879/464/544
f 879/464/549 185/407/435 184/405/436 882/467/550
f 882/467/558 184/405/433 72/406/434 391/468/559
f 881/465/560 882/467/558 391/468/559 390/469/561
f 880/466/562 881/465/560 390/469/561 389/470/563
f 361/451/526 880/466/562 389/470/563 69/452/527
f 360/450/523 877/462/545 880/466/548 361/451/524
f 359/449/564 874/459/539 877/462/542 360/450/564
f 884/471/565 885/472/566 883/473/567 897/474/568
f 886/475/569 887/476/570 883/473/567 885/472/566
f 888/477/571 889/478/572 883/473/567 887/476/570
f 890/479/573 891/480/574 883/473/567 889/478/572
f 892/481/575 893/482/575 883/473/567 891/480/574
f 894/483/576 895/484/577 883/473/578 893/482/576
f 896/485/579 897/474/579 883/473/578 895/484/577
f 49/486/580 301/487/581 884/471/582 231/488/583
f 301/487/581 300/489/584 885/472/566 884/471/582
f 231/488/583 884/471/565 897/474/568 230/490/585
f 61/253/230 293/255/232 886/475/569 299/491/586
f 293/255/232 294/268/244 887/476/570 886/475/569
f 299/491/586 886/475/569 885/472/566 300/489/584
f 42/267/150 128/492/153 888/477/571 295/266/243
f 128/492/153 129/493/147 889/478/572 888/477/571
f 295/266/243 888/477/571 887/476/570 294/268/244
f 32/494/587 329/495/588 890/479/589 130/496/587
f 329/495/588 330/497/590 891/480/591 890/479/589
f 130/496/592 890/479/592 889/478/572 129/493/147
f 64/498/593 335/499/594 892/481/595 331/500/593
f 335/499/594 336/501/596 893/482/597 892/481/595
f 331/500/598 892/481/598 891/480/591 330/497/590
f 65/502/599 341/503/600 894/483/601 337/504/599
f 341/503/600 342/505/602 895/484/603 894/483/601
f 337/504/604 894/483/604 893/482/597 336/501/596
f 66/506/605 229/507/605 896/485/606 343/508/607
f 229/507/608 230/490/585 897/474/568 896/485/608
f 343/508/607 896/485/606 895/484/603 342/505/602
f 898/509/609 899/510/610 902/511/611 901/512/612
f 899/510/610 900/513/613 903/514/614 902/511/611
f 901/512/615 902/511/616 905/515/617 904/516/618
f 902/511/616 903/514/619 906/517/620 905/515/617
f 36/137/621 235/139/622 898/509/623 177/518/624
f 235/139/622 236/136/625 899/510/626 898/509/623
f 236/136/625 237/134/627 900/513/628 899/510/626
f 237/134/627 51/133/629 374/519/629 900/513/628
f 900/513/613 374/519/630 375/520/631 903/514/614
f 903/514/619 375/520/632 376/521/633 906/517/620
f 906/517/634 376/521/635 73/522/636 379/523/637
f 905/515/638 906/517/634 379/523/637 378/524/639
f 904/516/640 905/515/638 378/524/639 377/525/640
f 175/526/641 904/516/642 377/525/642 68/527/643
f 176/528/644 901/512/615 904/516/618 175/526/645
f 177/518/646 898/509/609 901/512/612 176/528/647
f 907/529/648 908/530/649 911/531/650 910/532/651
f 908/530/649 909/533/652 912/534/653 911/531/650
f 910/532/654 911/531/655 914/535/656 913/536/657
f 911/531/655 912/534/658 915/537/659 914/535/656
f 51/133/660 181/135/661 907/529/662 374/519/660
f 181/135/661 182/132/663 908/530/664 907/529/662
f 182/132/663 183/131/665 909/533/666 908/530/664
f 183/131/665 37/22/513 180/448/516 909/533/666
f 909/533/652 180/448/537 179/458/538 912/534/653
f 912/534/658 179/458/535 178/456/536 915/537/659
f 915/537/667 178/456/533 70/457/534 388/538/668
f 914/535/669 915/537/667 388/538/668 387/539/670
f 913/536/671 914/535/669 387/539/670 386/540/672
f 376/521/635 913/536/671 386/540/672 73/522/636
f 375/520/632 910/532/654 913/536/657 376/521/633
f 374/519/630 907/529/648 910/532/651 375/520/631
f 916/541/673 917/542/673 920/543/673 919/544/673
f 917/542/674 918/545/675 921/546/676 920/543/674
f 919/544/677 920/543/677 923/547/677 922/548/677
f 920/543/678 921/546/679 924/549/680 923/547/678
f 45/90/681 313/550/681 916/541/681 149/551/681
f 313/550/682 312/552/682 917/542/682 916/541/682
f 312/552/683 311/553/684 918/545/685 917/542/683
f 311/553/684 62/104/686 305/106/686 918/545/685
f 918/545/675 305/106/687 306/119/687 921/546/676
f 921/546/679 306/119/688 307/117/688 924/549/680
f 924/549/689 307/117/690 55/118/690 252/554/691
f 923/547/692 924/549/689 252/554/691 251/555/692
f 922/548/693 923/547/693 251/555/693 250/556/693
f 150/557/694 919/544/694 922/548/694 1670/558/694 1658/559/694 1657/560/694
f 149/551/695 916/541/695 919/544/695 150/557/695
f 925/561/696 926/562/696 929/563/697 928/564/698
f 926/562/699 927/565/700 930/566/701 929/563/702
f 928/564/698 929/563/697 932/567/703 931/568/703
f 929/563/702 930/566/701 933/569/704 932/567/705
f 34/570/706 136/571/706 925/561/706 217/572/706
f 136/571/707 135/573/707 926/562/707 925/561/707
f 135/573/708 134/574/709 927/565/700 926/562/708
f 134/574/709 44/575/710 308/576/711 927/565/700
f 927/565/700 308/576/711 309/577/712 930/566/701
f 930/566/701 309/577/712 310/578/713 933/569/704
f 933/569/714 310/578/715 62/104/715 311/553/716
f 932/567/717 933/569/714 311/553/716 312/552/717
f 931/568/718 932/567/718 312/552/718 313/550/718
f 219/579/719 931/568/719 313/550/719 45/90/719
f 218/580/720 928/564/720 931/568/720 219/579/720
f 217/572/721 925/561/721 928/564/721 218/580/721
f 934/581/722 935/582/723 938/583/724 937/584/725
f 935/582/726 936/585/727 939/586/728 938/583/728
f 937/584/725 938/583/724 941/587/729 940/588/730
f 938/583/724 939/586/731 942/589/731 941/587/729
f 44/575/732 216/590/733 934/581/734 308/576/735
f 216/590/736 215/591/736 935/582/723 934/581/722
f 215/591/737 214/592/738 936/585/727 935/582/726
f 214/592/738 35/593/739 160/594/739 936/585/727
f 936/585/740 160/594/740 159/595/740 939/586/740
f 939/586/741 159/595/741 158/596/741 942/589/741
f 942/589/742 158/596/742 46/109/742 314/108/742
f 941/587/743 942/589/744 314/108/744 315/107/745
f 940/588/746 941/587/743 315/107/745 316/105/746
f 310/578/747 940/588/747 316/105/747 62/104/747
f 309/577/748 937/584/749 940/588/750 310/578/750
f 308/576/735 934/581/734 937/584/749 309/577/748
f 943/597/751 944/598/752 946/599/753 1664/600/754 1663/601/755
f 944/598/752 945/602/756 947/603/757 946/599/753
f 946/599/753 947/603/757 949/604/758 948/605/759
f 325/606/760 324/607/761 944/598/752 943/597/751
f 324/607/761 323/608/762 945/602/756 944/598/752
f 323/608/763 63/58/764 317/60/765 945/602/766
f 945/602/766 317/60/765 318/73/767 947/603/768
f 947/603/768 318/73/767 319/71/769 949/604/770
f 949/604/770 319/71/769 57/72/771 257/357/771
f 948/605/759 949/604/758 257/357/772 256/356/773
f 950/609/774 951/610/774 954/611/774 953/612/774
f 951/610/775 952/613/775 955/614/775 954/611/775
f 953/612/776 954/611/776 957/615/776 956/616/776
f 954/611/777 955/614/777 958/617/778 957/615/779
f 250/618/780 251/619/780 951/610/780 950/609/780
f 251/619/781 252/620/781 952/613/781 951/610/781
f 252/620/782 55/621/782 320/622/782 952/613/782
f 952/613/783 320/622/783 321/623/784 955/614/785
f 955/614/785 321/623/784 322/624/786 958/617/787
f 958/617/787 322/624/786 63/58/764 323/608/763
f 957/615/779 958/617/778 323/608/762 324/607/761
f 956/616/788 957/615/779 324/607/761 325/606/760
f 959/625/789 960/626/790 963/627/791 962/628/789
f 960/626/790 961/629/792 964/630/792 963/627/791
f 962/628/793 963/627/794 966/631/795 965/632/793
f 963/627/794 964/630/796 967/633/796 966/631/795
f 55/118/797 196/116/797 959/625/797 320/634/797
f 196/116/798 197/115/799 960/626/800 959/625/798
f 197/115/799 198/114/801 961/629/801 960/626/800
f 198/114/802 39/113/802 163/635/802 961/629/802
f 961/629/803 163/635/803 162/636/804 964/630/805
f 964/630/805 162/636/804 161/637/806 967/633/807
f 967/633/807 161/637/806 47/63/70 326/62/69
f 966/631/808 967/633/809 326/62/68 327/61/67
f 965/632/810 966/631/808 327/61/67 328/59/66
f 322/638/811 965/632/812 328/59/63 63/58/62
f 321/639/813 962/628/814 965/632/812 322/638/811
f 320/634/815 959/625/815 962/628/814 321/639/813
f 969/640/816 970/641/816 968/642/816 980/643/816
f 971/644/817 972/645/817 968/642/817 970/641/817
f 973/646/818 974/647/818 968/642/818 972/645/818
f 975/648/819 976/649/819 968/642/819 974/647/819
f 977/650/820 978/651/820 968/642/820 976/649/820
f 979/652/821 980/643/821 968/642/821 978/651/821
f 157/141/822 156/140/822 970/641/822 969/640/822
f 398/653/823 969/640/823 980/643/824 399/654/825
f 36/137/135 403/655/826 971/644/826 155/138/136
f 403/655/827 402/656/827 972/645/827 971/644/827
f 155/138/828 971/644/828 970/641/828 156/140/828
f 35/657/829 214/658/830 973/646/831 401/659/829
f 214/658/830 215/660/832 974/647/832 973/646/831
f 401/659/833 973/646/833 972/645/833 402/656/833
f 44/575/732 134/661/834 975/648/835 216/662/733
f 134/661/834 135/663/836 976/649/836 975/648/835
f 216/662/837 975/648/837 974/647/837 215/660/837
f 34/83/838 153/664/838 977/650/838 136/665/838
f 153/664/839 152/666/839 978/651/839 977/650/839
f 136/665/840 977/650/840 976/649/840 135/663/840
f 74/667/841 400/668/842 979/652/843 151/669/841
f 400/668/842 399/654/825 980/643/824 979/652/843
f 151/669/844 979/652/844 978/651/844 152/666/844
f 981/670/845 982/671/846 985/672/847 984/673/848
f 982/671/849 983/674/850 986/675/851 985/672/852
f 984/673/848 985/672/847 988/676/853 987/677/854
f 985/672/852 986/675/851 989/678/855 988/676/856
f 64/238/857 334/237/857 981/670/858 335/679/859
f 334/237/860 333/236/860 982/671/846 981/670/845
f 333/236/861 332/235/861 983/674/850 982/671/849
f 332/235/862 56/234/862 199/372/863 983/674/864
f 983/674/864 199/372/863 200/371/865 986/675/866
f 986/675/866 200/371/865 201/370/867 989/678/868
f 989/678/868 201/370/867 40/67/869 338/680/870
f 988/676/856 989/678/855 338/680/871 339/681/872
f 987/677/854 988/676/853 339/681/873 340/682/874
f 337/683/875 987/677/876 340/682/877 65/684/878
f 336/685/879 984/673/880 987/677/876 337/683/875
f 335/679/859 981/670/858 984/673/880 336/685/879
f 990/686/881 991/687/882 994/688/883 993/689/884
f 991/687/885 992/690/886 995/691/887 994/688/888
f 993/689/884 994/688/883 997/692/889 996/693/890
f 994/688/888 995/691/887 998/694/891 997/692/892
f 65/684/878 340/682/877 990/686/893 341/695/894
f 340/682/874 339/681/873 991/687/882 990/686/881
f 339/681/872 338/680/871 992/690/886 991/687/885
f 338/680/870 40/67/869 223/66/895 992/690/896
f 992/690/896 223/66/895 224/65/897 995/691/898
f 995/691/898 224/65/897 225/64/899 998/694/900
f 998/694/900 225/64/899 47/63/901 344/696/902
f 997/692/892 998/694/891 344/696/903 345/697/903
f 996/693/890 997/692/889 345/697/904 346/698/904
f 343/699/905 996/693/906 346/698/907 66/700/908
f 342/701/909 993/689/910 996/693/906 343/699/905
f 341/695/894 990/686/893 993/689/910 342/701/909
f 1000/702/911 1001/703/911 999/704/911 1009/705/911
f 1002/706/912 1003/707/913 999/704/914 1001/703/912
f 1004/708/915 1005/709/916 999/704/914 1003/707/913
f 1006/710/917 1007/711/918 999/704/919 1005/709/920
f 1008/712/921 1009/705/922 999/704/919 1007/711/918
f 66/700/908 346/698/907 1000/702/923 229/713/923
f 346/698/924 345/697/924 1001/703/924 1000/702/924
f 229/713/925 1000/702/925 1009/705/925 230/714/925
f 47/63/901 161/637/926 1002/706/927 344/696/902
f 161/637/926 162/636/928 1003/707/929 1002/706/927
f 344/696/930 1002/706/930 1001/703/930 345/697/930
f 39/113/931 350/715/931 1004/708/931 163/635/931
f 350/715/932 351/716/932 1005/709/916 1004/708/915
f 163/635/933 1004/708/933 1003/707/929 162/636/928
f 67/717/934 349/718/935 1006/710/936 352/719/936
f 349/718/937 348/720/938 1007/711/939 1006/710/937
f 352/719/940 1006/710/917 1005/709/920 351/716/940
f 49/486/580 231/721/583 1008/712/921 347/722/941
f 231/721/583 230/714/585 1009/705/922 1008/712/921
f 347/722/941 1008/712/921 1007/711/939 348/720/938
f 1010/723/942 1011/724/942 1014/725/943 1013/726/944
f 1011/724/945 1012/727/945 1015/728/945 1014/725/945
f 1013/726/944 1014/725/943 1017/729/946 1016/730/947
f 1014/725/948 1015/728/948 1018/731/949 1017/729/950
f 67/717/951 352/719/951 1010/723/952 353/732/953
f 352/719/954 351/716/954 1011/724/954 1010/723/954
f 351/716/955 350/715/955 1012/727/955 1011/724/955
f 350/715/956 39/113/956 220/112/956 1012/727/956
f 1012/727/957 220/112/957 221/111/957 1015/728/957
f 1015/728/958 221/111/958 222/110/958 1018/731/958
f 1018/731/959 222/110/959 46/109/959 356/733/959
f 1017/729/950 1018/731/949 356/733/960 357/734/961
f 1016/730/947 1017/729/946 357/734/962 358/735/963
f 355/736/964 1016/730/965 358/735/966 68/527/643
f 354/737/967 1013/726/968 1016/730/965 355/736/964
f 353/732/953 1010/723/952 1013/726/968 354/737/967
f 1019/738/969 1020/739/969 1023/740/969 1022/741/969
f 1020/739/970 1021/742/970 1024/743/970 1023/740/970
f 1022/741/971 1023/740/972 1026/744/972 1025/745/973
f 1023/740/974 1024/743/974 1027/746/974 1026/744/974
f 68/527/643 358/735/966 1019/738/975 175/526/641
f 358/735/963 357/734/962 1020/739/976 1019/738/976
f 357/734/961 356/733/960 1021/742/977 1020/739/977
f 356/733/978 46/109/978 158/747/978 1021/742/978
f 1021/742/979 158/747/979 159/748/979 1024/743/979
f 1024/743/980 159/748/980 160/749/980 1027/746/980
f 1027/746/981 160/749/981 35/657/981 401/659/981
f 1026/744/982 1027/746/982 401/659/982 402/750/982
f 1025/745/983 1026/744/983 402/750/983 403/751/983
f 177/752/624 1025/745/984 403/751/984 36/753/621
f 176/754/647 1022/741/971 1025/745/973 177/752/646
f 175/526/645 1019/738/985 1022/741/985 176/754/644
f 1029/755/986 1030/756/987 1028/757/988 1038/758/989
f 1031/759/990 1032/760/991 1028/757/988 1030/756/987
f 1033/761/992 1034/762/993 1028/757/994 1032/760/995
f 1035/763/996 1036/764/997 1028/757/994 1034/762/993
f 1037/765/998 1038/758/989 1028/757/988 1036/764/999
f 68/527/1000 377/525/1001 1029/755/1002 355/736/1003
f 377/525/1001 378/524/1004 1030/756/1005 1029/755/1002
f 355/736/1003 1029/755/1002 1038/758/1006 354/737/1007
f 73/522/1008 296/766/1009 1031/759/1010 379/523/1011
f 296/766/1012 297/767/1012 1032/760/991 1031/759/990
f 379/523/1011 1031/759/1010 1030/756/1005 378/524/1004
f 61/253/230 299/491/586 1033/761/992 298/768/1013
f 299/491/586 300/489/584 1034/762/993 1033/761/992
f 298/768/1013 1033/761/992 1032/760/995 297/767/1014
f 49/486/1015 347/722/1016 1035/763/996 301/487/581
f 347/722/1016 348/720/1017 1036/764/997 1035/763/996
f 301/487/581 1035/763/996 1034/762/993 300/489/584
f 67/769/934 353/770/1018 1037/765/1019 349/771/935
f 353/770/1018 354/737/1007 1038/758/1006 1037/765/1019
f 349/771/1020 1037/765/998 1036/764/999 348/720/1020
f 1039/772/1021 1040/773/1022 1043/774/1023 1042/775/1021
f 1040/773/1022 1041/776/1024 1044/777/1025 1043/774/1023
f 1042/775/1026 1043/774/1027 1046/778/1028 1045/779/1029
f 1043/774/1027 1044/777/1030 1047/780/1031 1046/778/1028
f 70/457/1032 380/455/1033 1039/772/1034 364/781/1035
f 380/455/1033 381/454/1036 1040/773/1037 1039/772/1034
f 381/454/1036 382/453/1038 1041/776/1039 1040/773/1037
f 382/453/1038 69/452/1040 284/782/1041 1041/776/1039
f 1041/776/1024 284/782/1042 285/783/1043 1044/777/1025
f 1044/777/1030 285/783/1044 286/784/1045 1047/780/1031
f 1047/780/1031 286/784/1045 60/278/254 287/435/489
f 1046/778/1028 1047/780/1031 287/435/488 288/434/487
f 1045/779/1029 1046/778/1028 288/434/486 289/433/485
f 362/785/1046 1045/779/1046 289/433/482 50/258/481
f 363/786/1047 1042/775/1048 1045/779/1048 362/785/1049
f 364/781/1050 1039/772/1051 1042/775/1051 363/786/1052
f 1048/787/1053 1049/788/1054 1052/789/1055 1051/790/1056
f 1049/788/1054 1050/791/1057 1053/792/1058 1052/789/1055
f 1051/790/1056 1052/789/1055 1055/793/1059 1054/794/1060
f 1052/789/1055 1053/792/1058 1056/795/1061 1055/793/1059
f 72/406/1062 383/404/1063 1048/787/1064 373/796/1065
f 383/404/1063 384/403/1066 1049/788/1067 1048/787/1064
f 384/403/1066 385/402/1068 1050/791/1069 1049/788/1067
f 385/402/1068 71/401/1070 272/797/1071 1050/791/1069
f 1050/791/1057 272/797/1072 273/798/1073 1053/792/1058
f 1053/792/1058 273/798/1073 274/799/1074 1056/795/1061
f 1056/795/1061 274/799/1074 59/303/284 275/384/389
f 1055/793/1059 1056/795/1061 275/384/389 276/383/387
f 1054/794/1060 1055/793/1059 276/383/387 277/382/386
f 371/800/1075 1054/794/1060 277/382/386 52/283/1076
f 372/801/1077 1051/790/1078 1054/794/1060 371/800/1075
f 373/796/1079 1048/787/1080 1051/790/1078 372/801/1077
f 1057/802/1081 1058/803/1082 1061/804/1083 1060/805/1084
f 1058/803/1082 1059/806/1085 1062/807/1086 1061/804/1083
f 1060/805/1084 1061/804/1083 1064/808/1087 1063/809/1088
f 1061/804/1083 1062/807/1089 1065/810/1090 1064/808/1087
f 73/522/1008 386/540/1091 1057/802/1092 296/766/1009
f 386/540/1091 387/539/1093 1058/803/1094 1057/802/1092
f 387/539/1093 388/538/1095 1059/806/1096 1058/803/1094
f 388/538/1095 70/457/1032 364/781/1035 1059/806/1096
f 1059/806/1085 364/781/1050 363/786/1052 1062/807/1086
f 1062/807/1089 363/786/1047 362/785/1049 1065/810/1090
f 1065/810/1090 362/785/1097 50/258/235 302/257/234
f 1064/808/1087 1065/810/1090 302/257/234 303/256/233
f 1063/809/1088 1064/808/1087 303/256/233 304/254/231
f 298/768/1013 1063/809/1088 304/254/231 61/253/230
f 297/767/1014 1060/805/1084 1063/809/1088 298/768/1013
f 296/766/1098 1057/802/1098 1060/805/1098 297/767/1098
f 1066/811/1099 1067/812/1100 1070/813/1101 1069/814/1102
f 1067/812/1100 1068/815/1103 1071/816/1104 1070/813/1101
f 1069/814/1105 1070/813/1106 1073/817/1107 1072/818/1108
f 1070/813/1106 1071/816/1109 1074/819/1110 1073/817/1107
f 69/452/1040 389/470/1111 1066/811/1112 284/782/1041
f 389/470/1111 390/469/1113 1067/812/1114 1066/811/1112
f 390/469/1113 391/468/1115 1068/815/1116 1067/812/1114
f 391/468/1115 72/406/1062 373/796/1065 1068/815/1116
f 1068/815/1103 373/796/1079 372/801/1077 1071/816/1104
f 1071/816/1109 372/801/1117 371/800/1118 1074/819/1110
f 1074/819/1110 371/800/1118 52/283/260 290/282/259
f 1073/817/1119 1074/819/1120 290/282/1120 291/281/257
f 1072/818/1108 1073/817/1119 291/281/257 292/279/255
f 286/784/1045 1072/818/1108 292/279/255 60/278/254
f 285/783/1044 1069/814/1105 1072/818/1108 286/784/1045
f 284/782/1042 1066/811/1099 1069/814/1102 285/783/1043
f 1075/820/1121 1076/821/1122 1079/822/1123 1078/823/1124
f 1076/821/1125 1077/824/1126 1080/825/1127 1079/822/1123
f 1078/823/1124 1079/822/1123 1082/826/1128 1081/827/1129
f 1079/822/1123 1080/825/1127 1083/828/1130 1082/826/1128
f 71/401/1070 392/423/1131 1075/820/1121 272/797/1071
f 392/423/1131 393/422/1132 1076/821/1122 1075/820/1121
f 393/422/1133 394/421/1133 1077/824/1126 1076/821/1125
f 394/421/1134 120/420/1135 370/829/1135 1077/824/1134
f 1077/824/1136 370/829/1137 369/830/1138 1080/825/1127
f 1080/825/1127 369/830/1138 368/831/1139 1083/828/1130
f 1083/828/1130 368/831/1139 101/308/289 278/307/288
f 1082/826/1128 1083/828/1130 278/307/288 279/306/287
f 1081/827/1129 1082/826/1128 279/306/287 280/304/285
f 274/799/1074 1081/827/1129 280/304/285 59/303/284
f 273/798/1073 1078/823/1124 1081/827/1129 274/799/1074
f 272/797/1072 1075/820/1121 1078/823/1124 273/798/1073
f 1085/1/1140 1086/4/1140 1084/3/1140 1094/2/1140
f 1087/832/1141 1088/10/1142 1084/3/1143 1086/4/1143
f 1089/9/1144 1090/8/1145 1084/3/1145 1088/10/1146
f 1091/7/1147 1092/6/1147 1084/3/1147 1090/8/1147
f 1093/5/1148 1094/2/1148 1084/3/1148 1092/6/1148
f 423/12/1149 1085/1/1149 1094/2/1149 422/13/1149
f 420/26/1150 419/25/1151 1088/10/1142 1087/832/1141
f 83/22/1152 515/24/1153 1089/9/1154 418/23/1155
f 515/24/1153 516/21/1156 1090/8/1157 1089/9/1154
f 418/23/1158 1089/9/1144 1088/10/1146 419/25/1159
f 100/18/1160 464/20/1160 1091/7/1160 517/19/1160
f 464/20/1161 465/17/1162 1092/6/1163 1091/7/1161
f 517/19/1164 1091/7/1164 1090/8/1157 516/21/1156
f 84/14/1165 421/16/1166 1093/5/1167 466/15/1168
f 421/16/1169 422/13/1169 1094/2/1169 1093/5/1169
f 466/15/1168 1093/5/1167 1092/6/1163 465/17/1162
f 1096/27/1170 1097/30/1170 1095/29/1170 1105/28/1170
f 1098/37/1171 1099/36/1171 1095/29/1171 1097/30/1171
f 1100/35/1172 1101/34/1172 1095/29/1172 1099/36/1172
f 1102/33/1173 1103/32/1173 1095/29/1173 1101/34/1173
f 1104/31/1174 1105/28/1174 1095/29/1174 1103/32/1174
f 139/38/1175 1096/27/1175 1105/28/1175 138/39/1175
f 423/12/1176 422/13/1176 1099/36/1176 1098/37/1176
f 84/14/1165 518/48/1177 1100/35/1178 421/16/1166
f 518/48/1177 519/47/1179 1101/34/1180 1100/35/1178
f 421/16/1181 1100/35/1181 1099/36/1181 422/13/1181
f 102/44/1182 467/46/1182 1102/33/1182 520/45/1182
f 467/46/1183 468/43/1184 1103/32/1185 1102/33/1183
f 520/45/1186 1102/33/1186 1101/34/1180 519/47/1179
f 85/40/37 137/42/37 1104/31/1187 469/41/1188
f 137/42/42 138/39/42 1105/28/1189 1104/31/1189
f 469/41/1188 1104/31/1187 1103/32/1185 468/43/1184
f 1106/49/1190 1107/52/1191 1110/833/1192 1109/50/1193
f 1107/52/1191 1108/56/1194 1111/55/1195 1110/833/1192
f 1109/50/1193 1110/833/1192 1113/54/1196 1112/53/1197
f 1110/833/1192 1111/55/1195 1114/57/1198 1113/54/1196
f 111/58/1199 588/60/1200 1106/49/1201 599/59/1202
f 588/60/1200 589/73/1203 1107/52/1204 1106/49/1201
f 589/73/1203 590/71/1205 1108/56/1206 1107/52/1204
f 590/71/1205 105/72/1207 476/70/1207 1108/56/1206
f 1108/56/1194 476/70/1208 477/69/1209 1111/55/1195
f 1111/55/1195 477/69/1210 478/68/1211 1114/57/1198
f 1114/57/1212 478/68/1213 87/834/1214 497/66/1215
f 1113/54/1216 1114/57/1212 497/66/1215 498/65/1217
f 1112/53/1218 1113/54/1216 498/65/1217 499/64/1219
f 597/62/1220 1112/53/1218 499/64/1219 94/63/1221
f 598/61/1222 1109/50/1193 1112/53/1197 597/62/1223
f 599/59/1224 1106/49/1190 1109/50/1193 598/61/1222
f 1117/835/1225 1118/75/1225 1524/76/1225 1525/82/1225 1526/836/1225 1529/80/1225
f 1119/74/1226 1527/78/1226 1528/77/1226 1524/76/1226 1118/75/1226
f 92/90/1227 493/92/1227 1117/835/1227 428/91/1227
f 493/92/1228 492/86/1228 1118/75/1228 1117/835/1228
f 428/91/1229 1117/835/1229 1529/80/1229 1530/94/1229 429/93/1229
f 80/83/1230 407/85/1230 1119/74/1230 491/84/1230
f 407/85/1231 1521/89/1231 1522/88/1231 1523/87/1231 1527/78/1231 1119/74/1231
f 491/84/1232 1119/74/1232 1118/75/1232 492/86/1232
f 1120/95/1233 1121/98/1234 1124/97/1235 1123/96/1235
f 1121/98/1236 1122/102/1237 1125/101/1238 1124/97/1238
f 1123/96/1239 1124/97/1239 1127/837/1239 1126/99/1239
f 1124/97/1240 1125/101/1240 1128/103/1240 1127/837/1240
f 110/104/1241 576/106/1241 1120/95/1242 587/105/1243
f 576/106/1244 577/119/1244 1121/98/1234 1120/95/1233
f 577/119/1245 578/117/1245 1122/102/1237 1121/98/1236
f 578/117/1246 103/118/1246 470/116/1246 1122/102/1246
f 1122/102/1247 470/116/1247 471/115/1248 1125/101/1249
f 1125/101/1249 471/115/1248 472/114/1250 1128/103/1250
f 1128/103/1251 472/114/1251 86/113/1251 494/112/1251
f 1127/837/1252 1128/103/1252 494/112/1252 495/111/1252
f 1126/99/1253 1127/837/1253 495/111/1253 496/110/1253
f 585/108/1254 1126/99/1254 496/110/1254 93/109/1254
f 586/107/1255 1123/96/1256 1126/99/1257 585/108/1257
f 587/105/1243 1120/95/1242 1123/96/1256 586/107/1255
f 1130/120/1258 1131/123/1259 1129/122/1260 1139/121/1258
f 1132/130/1261 1133/129/1261 1129/122/1260 1131/123/1259
f 1134/128/1262 1135/838/1262 1129/122/1262 1133/129/1262
f 1136/126/1263 1137/125/1263 1129/122/1263 1135/838/1263
f 1138/124/1264 1139/121/1264 1129/122/1264 1137/125/1264
f 420/26/1150 1130/120/1265 1139/121/1265 419/25/1151
f 435/141/1266 434/140/1266 1133/129/1266 1132/130/1266
f 82/137/1267 509/139/1268 1134/128/1269 433/138/1270
f 509/139/1268 510/839/1271 1135/838/1271 1134/128/1269
f 433/138/1272 1134/128/1272 1133/129/1272 434/140/1272
f 98/133/1273 458/135/1273 1136/126/1273 511/134/1273
f 458/135/1274 459/132/1274 1137/125/1274 1136/126/1274
f 511/134/1275 1136/126/1275 1135/838/1275 510/839/1275
f 83/22/1152 418/23/1155 1138/124/1276 460/131/1277
f 418/23/1158 419/25/1159 1139/121/1278 1138/124/1278
f 460/131/1277 1138/124/1276 1137/125/1279 459/132/1279
f 1146/142/1280 1147/145/1280 1145/144/1280 1152/143/1280
f 1149/148/1281 1150/147/1281 1145/144/1281 1148/149/1281
f 1151/146/1282 1152/143/1282 1145/144/1282 1150/147/1282
f 78/150/1283 447/152/1283 1146/142/1283 410/151/1283
f 447/152/1284 448/154/1284 1147/145/1284 1146/142/1284
f 410/151/1285 1146/142/1285 1152/143/1285 409/153/1285
f 77/159/1286 482/161/1287 1149/148/1288 443/160/1286
f 482/161/1287 483/158/1289 1150/147/1290 1149/148/1288
f 443/160/1291 1149/148/1291 1148/149/1291 444/162/1291
f 89/155/1292 408/157/1293 1151/146/1294 484/156/1295
f 408/157/1293 409/153/1296 1152/143/1297 1151/146/1294
f 484/156/1295 1151/146/1294 1150/147/1290 483/158/1289
f 75/163/1298 442/166/1298 1153/165/1298 665/164/1298
f 663/169/1299 1157/170/1299 447/152/1299 78/150/1299
f 664/167/1300 1154/168/1300 1157/170/1300 663/169/1300
f 665/164/1301 1153/165/1301 1154/168/1301 664/167/1301
f 1159/171/1302 1160/174/1302 1158/173/1302 1165/172/1302
f 1162/177/1303 1163/176/1303 1158/173/1303 1161/178/1303
f 1164/175/1304 1165/172/1304 1158/173/1304 1163/176/1304
f 79/179/1305 445/181/1306 1159/171/1307 413/180/1308
f 445/181/1309 446/183/1309 1160/174/1309 1159/171/1309
f 413/180/1308 1159/171/1307 1165/172/1310 412/182/1310
f 76/188/177 485/190/1311 1162/177/1312 165/189/177
f 485/190/1311 486/187/1313 1163/176/1313 1162/177/1312
f 165/189/180 1162/177/1314 1161/178/1314 166/191/180
f 90/184/1315 411/186/1315 1164/175/1315 487/185/1315
f 411/186/1316 412/182/1316 1165/172/1316 1164/175/1316
f 487/185/1317 1164/175/1317 1163/176/1317 486/187/1317
f 1167/192/1318 1168/195/1318 1166/194/1318 1173/193/1318
f 1170/198/1319 1171/840/1319 1166/194/1319 1169/199/1319
f 1172/196/1320 1173/193/1320 1166/194/1320 1171/840/1320
f 77/159/1321 443/160/1321 1167/192/1321 406/200/1321
f 443/160/1322 444/162/1322 1168/195/1322 1167/192/1322
f 406/200/1323 1167/192/1323 1173/193/1323 405/201/1323
f 79/179/1305 479/206/1324 1170/198/1324 445/181/1306
f 479/206/1325 480/205/1325 1171/840/1325 1170/198/1325
f 445/181/1326 1170/198/1326 1169/199/1326 446/183/1326
f 88/202/1327 404/204/1327 1172/196/1327 481/203/1327
f 404/204/1328 405/201/1328 1173/193/1328 1172/196/1328
f 481/203/1329 1172/196/1329 1171/840/1329 480/205/1329
f 1176/841/1330 1177/216/1330 1179/210/1330 1178/207/1330
f 1178/207/1331 1179/210/1331 1182/209/1331 1181/208/1331
f 442/218/1332 75/219/1332 500/217/1332 1177/216/1332
f 1177/216/1333 500/217/1333 501/215/1333 1179/210/1333
f 1179/210/1334 501/215/1334 502/214/1334 1182/209/1334
f 1182/209/1335 502/214/1335 95/213/1335 450/212/1335
f 1181/208/1336 1182/209/1336 450/212/1336 451/211/1336
f 1180/842/1337 1181/208/1337 451/211/1337 1558/843/1337 1562/844/1337
f 1183/845/1338 1184/223/1338 1187/222/1338 1186/221/1338
f 1184/223/1339 1185/227/1339 1188/226/1339 1187/222/1339
f 1186/221/1340 1187/222/1340 1190/225/1340 1189/224/1340
f 1187/222/1341 1188/226/1341 1191/228/1341 1190/225/1341
f 75/229/1342 665/231/1342 1183/845/1342 524/230/1342
f 665/231/1343 664/243/1343 1184/223/1343 1183/845/1343
f 664/243/1344 663/242/1344 1185/227/1344 1184/223/1344
f 663/242/1345 78/150/1345 600/241/1346 1185/227/1347
f 1185/227/1347 600/241/1346 601/240/1348 1188/226/1349
f 1188/226/1349 601/240/1348 602/239/1350 1191/228/1350
f 1191/228/1351 602/239/1351 112/238/1351 605/237/1351
f 1190/225/1352 1191/228/1352 605/237/1352 604/236/1352
f 1189/224/1353 1190/225/1353 604/236/1353 603/235/1353
f 526/233/1354 1189/224/1354 603/235/1354 104/234/1354
f 525/232/1355 1186/221/1355 1189/224/1355 526/233/1355
f 524/230/1356 1183/845/1356 1186/221/1356 525/232/1356
f 1192/244/1357 1193/247/1358 1196/246/1359 1195/245/1360
f 1193/247/1358 1194/251/1361 1197/846/1362 1196/246/1359
f 1195/245/1360 1196/246/1359 1199/249/1363 1198/248/1364
f 1196/246/1359 1197/846/1362 1200/252/1365 1199/249/1363
f 109/253/1366 564/255/1367 1192/244/1357 575/254/1368
f 564/255/1367 565/268/1369 1193/247/1358 1192/244/1357
f 565/268/1369 566/266/1370 1194/251/1361 1193/247/1358
f 566/266/1370 89/267/1292 484/265/1295 1194/251/1361
f 1194/251/1361 484/265/1295 483/264/1289 1197/846/1362
f 1197/846/1362 483/264/1289 482/263/1287 1200/252/1365
f 1200/252/1371 482/263/1372 77/262/1372 506/261/1373
f 1199/249/1374 1200/252/1371 506/261/1373 507/260/1375
f 1198/248/1364 1199/249/1374 507/260/1375 508/259/1376
f 573/847/1377 1198/248/1364 508/259/1376 97/258/1378
f 574/256/1379 1195/245/1360 1198/248/1364 573/847/1377
f 575/254/1368 1192/244/1357 1195/245/1360 574/256/1379
f 1201/269/1380 1202/272/1381 1205/848/1382 1204/270/1383
f 1202/272/1381 1203/276/1384 1206/275/1385 1205/848/1382
f 1204/270/1383 1205/848/1382 1208/274/1386 1207/273/1387
f 1205/848/1382 1206/275/1385 1209/277/1388 1208/274/1386
f 108/278/1389 552/280/1390 1201/269/1380 563/279/1391
f 552/280/1392 553/293/1393 1202/272/1381 1201/269/1380
f 553/293/1394 554/291/1395 1203/276/1384 1202/272/1381
f 554/291/1395 88/292/1396 481/290/1397 1203/276/1398
f 1203/276/1398 481/290/1397 480/289/1399 1206/275/1400
f 1206/275/1400 480/289/1399 479/288/1401 1209/277/1401
f 1209/277/1402 479/288/1402 79/287/1402 512/286/1402
f 1208/274/1403 1209/277/1404 512/286/1404 513/285/1405
f 1207/273/1406 1208/274/1403 513/285/1405 514/284/1407
f 561/282/1408 1207/273/1406 514/284/1407 99/283/1409
f 562/849/1410 1204/270/1383 1207/273/1387 561/282/1411
f 563/279/1391 1201/269/1380 1204/270/1383 562/849/1412
f 1210/294/1413 1211/850/1414 1214/851/1415 1213/295/1416
f 1211/850/1414 1212/301/1417 1215/300/1418 1214/851/1415
f 1213/295/1416 1214/851/1415 1217/299/1419 1216/298/1420
f 1214/851/1415 1215/300/1418 1218/302/1421 1217/299/1419
f 107/303/1422 540/305/1423 1210/294/1413 551/304/1424
f 540/305/1423 541/318/1425 1211/850/1414 1210/294/1413
f 541/318/1425 542/316/1426 1212/301/1417 1211/850/1414
f 542/316/1427 90/317/1427 487/315/1428 1212/301/1429
f 1212/301/1429 487/315/1428 486/314/1430 1215/300/1431
f 1215/300/1431 486/314/1430 485/313/1432 1218/302/1433
f 1218/302/1433 485/313/1432 76/312/294 244/311/294
f 1217/299/1419 1218/302/1421 244/311/292 245/310/291
f 1216/298/1420 1217/299/1419 245/310/291 246/309/290
f 549/307/1434 1216/298/1420 246/309/290 101/308/289
f 550/852/1435 1213/295/1416 1216/298/1420 549/307/1434
f 551/304/1424 1210/294/1413 1213/295/1416 550/852/1435
f 1219/319/1436 1220/322/1436 1223/321/1436 1222/320/1436
f 1220/322/1437 1221/326/1437 1224/325/1437 1223/321/1437
f 1222/320/1438 1223/321/1438 1226/324/1438 1225/323/1438
f 1223/321/1439 1224/325/1439 1227/327/1439 1226/324/1439
f 106/328/1440 529/330/1441 1219/319/1442 539/329/1443
f 529/330/1441 530/338/1444 1220/322/1445 1219/319/1442
f 530/338/1444 531/336/1446 1221/326/1446 1220/322/1445
f 531/336/1447 95/337/1447 502/335/1447 1221/326/1447
f 1221/326/1448 502/335/1448 501/334/1448 1224/325/1448
f 1224/325/1449 501/334/1449 500/333/1449 1227/327/1449
f 1227/327/1450 500/333/1450 75/229/1450 524/230/1450
f 1226/324/1451 1227/327/1451 524/230/1451 525/232/1451
f 1225/323/1452 1226/324/1452 525/232/1452 526/233/1452
f 537/332/1453 1225/323/1453 526/233/1453 104/234/1453
f 538/331/1454 1222/320/1454 1225/323/1454 537/332/1454
f 539/329/1455 1219/319/1455 1222/320/1455 538/331/1455
f 1228/339/1456 1229/342/1456 1232/341/1456 1231/340/1456
f 1229/342/1457 1230/344/1457 1233/343/1457 1232/341/1457
f 1230/344/1458 451/211/1458 450/212/1458 1233/343/1458
f 1233/343/1459 450/212/1459 95/213/1459 531/349/1459
f 1232/341/1460 1233/343/1461 531/349/1461 530/348/1462
f 1231/340/1463 1232/341/1460 530/348/1462 529/347/1464
f 535/346/1465 1231/340/1463 529/347/1464 106/328/1465
f 536/345/1466 1228/339/1466 1231/340/1466 535/346/1466
f 1234/350/1467 1235/353/1468 1238/352/1469 1237/351/1469
f 1235/353/1470 1236/355/1471 1239/354/1472 1238/352/1473
f 1236/355/1474 536/345/1474 535/346/1475 1239/354/1476
f 1239/354/1476 535/346/1475 106/328/1440 534/360/1477
f 1238/352/1473 1239/354/1472 534/360/1478 533/359/1478
f 1237/351/1479 1238/352/1479 533/359/1479 532/358/1479
f 528/357/1480 1237/351/1480 532/358/1480 105/72/1480
f 527/356/1481 1234/350/1482 1237/351/1483 528/357/1483
f 1240/361/1484 1241/364/1485 1244/363/1486 1243/853/1487
f 1241/364/1485 1242/368/1488 1245/367/1488 1244/363/1486
f 1243/853/1487 1244/363/1486 1247/366/1489 1246/365/1490
f 1244/363/1491 1245/367/1491 1248/369/1491 1247/366/1491
f 105/72/1492 532/358/1493 1240/361/1494 476/70/1492
f 532/358/1493 533/359/1495 1241/364/1496 1240/361/1494
f 533/359/1495 534/360/1477 1242/368/1497 1241/364/1496
f 534/360/1477 106/328/1440 539/329/1443 1242/368/1497
f 1242/368/1497 539/329/1443 538/331/1498 1245/367/1498
f 1245/367/1499 538/331/1499 537/332/1499 1248/369/1499
f 1248/369/1500 537/332/1500 104/234/1500 473/372/1500
f 1247/366/1501 1248/369/1502 473/372/1502 474/371/1503
f 1246/365/1504 1247/366/1501 474/371/1503 475/370/1505
f 478/68/1213 1246/365/1504 475/370/1505 87/834/1214
f 477/69/1210 1243/853/1487 1246/365/1490 478/68/1211
f 476/70/1208 1240/361/1484 1243/853/1487 477/69/1209
f 1249/373/1506 1250/376/1507 1253/375/1508 1252/374/1509
f 1250/376/1507 1251/380/1510 1254/379/1510 1253/375/1508
f 1252/374/1509 1253/375/1511 1256/378/1512 1255/377/1513
f 1253/375/1511 1254/379/1514 1257/381/1514 1256/378/1512
f 99/283/1515 514/284/1516 1249/373/1517 548/382/1518
f 514/284/1516 513/285/1519 1250/376/1520 1249/373/1517
f 513/285/1519 512/286/1521 1251/380/1521 1250/376/1520
f 512/286/1522 79/287/1522 413/387/1523 1251/380/1524
f 1251/380/1524 413/387/1523 412/386/1525 1254/379/1526
f 1254/379/1526 412/386/1525 411/385/1527 1257/381/1528
f 1257/381/1528 411/385/1527 90/317/1529 542/316/1529
f 1256/378/1530 1257/381/1531 542/316/1531 541/318/1532
f 1255/377/1513 1256/378/1530 541/318/1532 540/305/1423
f 546/384/1533 1255/377/1513 540/305/1423 107/303/1422
f 547/383/1534 1252/374/1509 1255/377/1513 546/384/1533
f 548/382/1518 1249/373/1506 1252/374/1509 547/383/1534
f 1258/388/1535 1259/391/1536 1262/390/1537 1261/389/1538
f 1259/391/1539 1260/395/1540 1263/394/1541 1262/390/1542
f 1261/389/1538 1262/390/1537 1265/393/1543 1264/392/1544
f 1262/390/1542 1263/394/1541 1266/396/1545 1265/393/1546
f 84/14/1547 463/397/1548 1258/388/1549 518/48/1550
f 463/397/1551 462/407/1552 1259/391/1536 1258/388/1535
f 462/407/1553 461/405/1554 1260/395/1540 1259/391/1539
f 461/405/1555 121/406/1556 651/404/1557 1260/395/1558
f 1260/395/1558 651/404/1557 652/403/1559 1263/394/1560
f 1263/394/1560 652/403/1559 653/402/1561 1266/396/1562
f 1266/396/1562 653/402/1561 119/401/1563 638/400/1564
f 1265/393/1546 1266/396/1545 638/400/1565 637/399/1566
f 1264/392/1544 1265/393/1543 637/399/1567 636/398/1567
f 520/45/1568 1264/392/1569 636/398/1570 102/44/1570
f 519/47/1571 1261/389/1571 1264/392/1569 520/45/1568
f 518/48/1550 1258/388/1549 1261/389/1571 519/47/1571
f 1267/408/1572 1268/411/1573 1271/854/1574 1270/409/1575
f 1268/411/1576 1269/415/1577 1272/414/1578 1271/854/1579
f 1270/409/1575 1271/854/1574 1274/855/1580 1273/412/1581
f 1271/854/1579 1272/414/1578 1275/416/1582 1274/855/1583
f 102/44/1584 636/398/1584 1267/408/1585 467/46/1586
f 636/398/1587 637/399/1587 1268/411/1573 1267/408/1572
f 637/399/1566 638/400/1565 1269/415/1577 1268/411/1576
f 638/400/1564 119/401/1563 660/423/1588 1269/415/1589
f 1269/415/1589 660/423/1588 661/856/1590 1272/414/1591
f 1272/414/1591 661/856/1590 662/421/1592 1275/416/1593
f 1275/416/1593 662/421/1592 120/420/462 190/419/462
f 1274/855/1583 1275/416/1582 190/419/460 191/418/460
f 1273/412/1581 1274/855/1580 191/418/459 192/417/459
f 469/41/1594 1273/412/1595 192/417/458 85/40/458
f 468/43/1596 1270/409/1597 1273/412/1595 469/41/1594
f 467/46/1586 1267/408/1585 1270/409/1597 468/43/1596
f 1276/424/1598 1277/427/1599 1280/426/1600 1279/425/1598
f 1277/427/1599 1278/431/1601 1281/430/1602 1280/426/1600
f 1279/425/1603 1280/426/1604 1283/429/1604 1282/428/1605
f 1280/426/1606 1281/430/1606 1284/432/1606 1283/429/1606
f 97/258/1607 508/259/1608 1276/424/1609 560/433/1607
f 508/259/1608 507/260/1610 1277/427/1611 1276/424/1609
f 507/260/1610 506/261/1612 1278/431/1613 1277/427/1611
f 506/261/1612 77/262/1614 406/438/1614 1278/431/1613
f 1278/431/1601 406/438/1615 405/437/1615 1281/430/1602
f 1281/430/1616 405/437/1616 404/436/1616 1284/432/1616
f 1284/432/1617 404/436/1618 88/292/1396 554/291/1395
f 1283/429/1619 1284/432/1617 554/291/1395 553/293/1394
f 1282/428/1620 1283/429/1620 553/293/1393 552/280/1392
f 558/435/1621 1282/428/1605 552/280/1390 108/278/1389
f 559/857/1622 1279/425/1603 1282/428/1605 558/435/1621
f 560/433/1623 1276/424/1624 1279/425/1624 559/857/1625
f 1285/439/1626 1286/442/1627 1289/441/1628 1288/440/1629
f 1286/442/1630 1287/446/1631 1290/445/1632 1289/441/1633
f 1288/440/1629 1289/441/1628 1292/444/1634 1291/443/1635
f 1289/441/1633 1290/445/1632 1293/447/1636 1292/444/1637
f 83/22/1638 457/448/1639 1285/439/1640 515/24/1641
f 457/448/1642 456/458/1643 1286/442/1627 1285/439/1626
f 456/458/1644 455/456/1645 1287/446/1631 1286/442/1630
f 455/456/1646 118/457/1647 648/455/1648 1287/446/1649
f 1287/446/1649 648/455/1648 649/454/1650 1290/445/1651
f 1290/445/1651 649/454/1650 650/453/1652 1293/447/1653
f 1293/447/1653 650/453/1652 117/452/1654 632/451/1655
f 1292/444/1637 1293/447/1636 632/451/1656 631/450/1657
f 1291/443/1635 1292/444/1634 631/450/1658 630/449/1658
f 517/19/1659 1291/443/1660 630/449/1661 100/18/1661
f 516/21/1662 1288/440/1663 1291/443/1660 517/19/1659
f 515/24/1641 1285/439/1640 1288/440/1663 516/21/1662
f 1294/459/1664 1295/462/1665 1298/461/1666 1297/460/1667
f 1295/462/1668 1296/466/1669 1299/465/1670 1298/461/1671
f 1297/460/1667 1298/461/1666 1301/858/1672 1300/463/1673
f 1298/461/1671 1299/465/1670 1302/467/1674 1301/858/1675
f 100/18/1676 630/449/1676 1294/459/1677 464/20/1678
f 630/449/1679 631/450/1679 1295/462/1665 1294/459/1664
f 631/450/1657 632/451/1656 1296/466/1669 1295/462/1668
f 632/451/1655 117/452/1654 657/470/1680 1296/466/1681
f 1296/466/1681 657/470/1680 658/859/1682 1299/465/1683
f 1299/465/1683 658/859/1682 659/468/1684 1302/467/1685
f 1302/467/1685 659/468/1684 121/406/1556 461/405/1555
f 1301/858/1675 1302/467/1674 461/405/1554 462/407/1553
f 1300/463/1673 1301/858/1672 462/407/1552 463/397/1551
f 466/15/1686 1300/463/1687 463/397/1548 84/14/1547
f 465/17/1688 1297/460/1689 1300/463/1687 466/15/1686
f 464/20/1678 1294/459/1677 1297/460/1689 465/17/1688
f 1304/860/1690 1305/474/1691 1303/473/1692 1317/472/1693
f 1306/485/1694 1307/484/1695 1303/473/1692 1305/474/1691
f 1308/483/1696 1309/482/1696 1303/473/1692 1307/484/1695
f 1310/481/1697 1311/480/1698 1303/473/1699 1309/482/1697
f 1312/479/1700 1313/478/1701 1303/473/1699 1311/480/1698
f 1314/477/1702 1315/476/1703 1303/473/1699 1313/478/1701
f 1316/475/1704 1317/472/1693 1303/473/1699 1315/476/1703
f 96/486/1705 505/488/1706 1304/860/1707 572/487/1708
f 505/488/1706 504/490/1709 1305/474/1710 1304/860/1707
f 572/487/1708 1304/860/1690 1317/472/1693 571/489/1711
f 114/506/1712 614/508/1713 1306/485/1714 503/507/1712
f 614/508/1713 613/505/1715 1307/484/1716 1306/485/1714
f 503/507/1717 1306/485/1717 1305/474/1710 504/490/1709
f 113/502/1718 608/504/1718 1308/483/1719 612/503/1720
f 608/504/1721 607/501/1722 1309/482/1723 1308/483/1721
f 612/503/1720 1308/483/1719 1307/484/1716 613/505/1715
f 112/498/1724 602/500/1724 1310/481/1725 606/499/1726
f 602/500/1727 601/497/1728 1311/480/1729 1310/481/1727
f 606/499/1726 1310/481/1725 1309/482/1723 607/501/1722
f 78/494/1730 410/496/1730 1312/479/1731 600/495/1732
f 410/496/1733 409/493/1296 1313/478/1701 1312/479/1700
f 600/495/1732 1312/479/1731 1311/480/1729 601/497/1728
f 89/267/1292 566/266/1370 1314/477/1702 408/492/1293
f 566/266/1370 565/268/1369 1315/476/1703 1314/477/1702
f 408/492/1293 1314/477/1702 1313/478/1701 409/493/1296
f 109/253/1366 570/491/1734 1316/475/1704 564/255/1367
f 570/491/1734 571/489/1711 1317/472/1693 1316/475/1704
f 564/255/1367 1316/475/1704 1315/476/1703 565/268/1369
f 1318/509/1735 1319/512/1736 1322/511/1737 1321/510/1738
f 1319/512/1739 1320/516/1740 1323/515/1741 1322/511/1742
f 1321/510/1738 1322/511/1737 1325/514/1743 1324/513/1744
f 1322/511/1742 1323/515/1741 1326/517/1745 1325/514/1746
f 82/137/1747 454/518/1748 1318/509/1749 509/139/1750
f 454/518/1751 453/528/1752 1319/512/1736 1318/509/1735
f 453/528/1753 452/526/1754 1320/516/1740 1319/512/1739
f 452/526/1755 116/527/1756 645/525/1757 1320/516/1758
f 1320/516/1758 645/525/1757 646/524/1759 1323/515/1760
f 1323/515/1760 646/524/1759 647/523/1761 1326/517/1762
f 1326/517/1762 647/523/1761 122/522/1763 644/521/1764
f 1325/514/1746 1326/517/1745 644/521/1765 643/520/1766
f 1324/513/1744 1325/514/1743 643/520/1767 642/519/1768
f 511/134/1769 1324/513/1770 642/519/1771 98/133/1771
f 510/839/1772 1321/510/1773 1324/513/1770 511/134/1769
f 509/139/1750 1318/509/1749 1321/510/1773 510/839/1772
f 1327/529/1774 1328/532/1775 1331/531/1776 1330/530/1777
f 1328/532/1778 1329/536/1779 1332/535/1780 1331/531/1781
f 1330/530/1777 1331/531/1776 1334/534/1782 1333/533/1783
f 1331/531/1781 1332/535/1780 1335/537/1784 1334/534/1785
f 98/133/1786 642/519/1786 1327/529/1787 458/135/1788
f 642/519/1768 643/520/1767 1328/532/1775 1327/529/1774
f 643/520/1766 644/521/1765 1329/536/1779 1328/532/1778
f 644/521/1764 122/522/1763 654/540/1789 1329/536/1790
f 1329/536/1790 654/540/1789 655/539/1791 1332/535/1792
f 1332/535/1792 655/539/1791 656/538/1793 1335/537/1794
f 1335/537/1794 656/538/1793 118/457/1647 455/456/1646
f 1334/534/1785 1335/537/1784 455/456/1645 456/458/1644
f 1333/533/1783 1334/534/1782 456/458/1643 457/448/1642
f 460/131/1795 1333/533/1796 457/448/1639 83/22/1638
f 459/132/1797 1330/530/1798 1333/533/1796 460/131/1795
f 458/135/1788 1327/529/1787 1330/530/1798 459/132/1797
f 1336/541/1799 1337/544/1799 1340/543/1799 1339/542/1799
f 1337/544/1800 1338/548/1800 1341/547/1800 1340/543/1800
f 1339/542/1801 1340/543/1801 1343/546/1802 1342/545/1803
f 1340/543/1804 1341/547/1804 1344/549/1805 1343/546/1806
f 92/90/1807 428/551/1807 1336/541/1807 584/550/1807
f 428/551/1808 429/557/1808 1337/544/1808 1336/541/1808
f 429/557/1809 1531/560/1809 1532/559/1809 1533/558/1809 1338/548/1809 1337/544/1809
f 1338/548/1810 521/556/1810 522/555/1810 1341/547/1810
f 1341/547/1811 522/555/1811 523/554/1812 1344/549/1813
f 1344/549/1813 523/554/1812 103/118/1814 578/117/1814
f 1343/546/1806 1344/549/1805 578/117/1815 577/119/1815
f 1342/545/1803 1343/546/1802 577/119/1816 576/106/1816
f 582/553/1817 1342/545/1818 576/106/1819 110/104/1819
f 583/552/1820 1339/542/1820 1342/545/1818 582/553/1817
f 584/550/1821 1336/541/1821 1339/542/1821 583/552/1821
f 1345/561/1822 1346/564/1823 1349/563/1824 1348/562/1822
f 1346/564/1823 1347/568/1825 1350/567/1825 1349/563/1824
f 1348/562/1826 1349/563/1827 1352/566/1828 1351/565/1826
f 1349/563/1827 1350/567/1829 1353/569/1830 1352/566/1828
f 80/570/1831 491/572/1831 1345/561/1831 416/571/1831
f 491/572/1832 492/580/1832 1346/564/1832 1345/561/1832
f 492/580/1833 493/579/1833 1347/568/1833 1346/564/1833
f 493/579/1834 92/90/1834 584/550/1834 1347/568/1834
f 1347/568/1835 584/550/1835 583/552/1835 1350/567/1835
f 1350/567/1836 583/552/1836 582/553/1837 1353/569/1838
f 1353/569/1838 582/553/1837 110/104/1839 581/578/1839
f 1352/566/1828 1353/569/1830 581/578/1840 580/577/1841
f 1351/565/1842 1352/566/1828 580/577/1841 579/576/1843
f 414/574/1844 1351/565/1842 579/576/1843 91/575/1845
f 415/573/1846 1348/562/1846 1351/565/1842 414/574/1844
f 416/571/1847 1345/561/1847 1348/562/1847 415/573/1847
f 1354/581/1848 1355/584/1849 1358/583/1850 1357/582/1851
f 1355/584/1849 1356/588/1852 1359/587/1853 1358/583/1850
f 1357/582/1854 1358/583/1855 1361/586/1855 1360/585/1856
f 1358/583/1850 1359/587/1853 1362/589/1857 1361/586/1857
f 91/575/1858 579/576/1859 1354/581/1860 490/590/1861
f 579/576/1859 580/577/1862 1355/584/1863 1354/581/1860
f 580/577/1862 581/578/1864 1356/588/1864 1355/584/1863
f 581/578/1865 110/104/1865 587/105/1865 1356/588/1865
f 1356/588/1866 587/105/1866 586/107/1867 1359/587/1868
f 1359/587/1868 586/107/1867 585/108/1869 1362/589/1869
f 1362/589/1870 585/108/1870 93/109/1870 436/596/1870
f 1361/586/1871 1362/589/1871 436/596/1871 437/595/1871
f 1360/585/1872 1361/586/1872 437/595/1872 438/594/1872
f 488/592/1873 1360/585/1856 438/594/1874 81/593/1874
f 489/591/1875 1357/582/1854 1360/585/1856 488/592/1873
f 490/590/1876 1354/581/1848 1357/582/1851 489/591/1876
f 1363/597/1877 1543/601/1878 1544/600/1879 1365/599/1880 1364/598/1881
f 1364/598/1881 1365/599/1880 1368/603/1882 1367/602/1883
f 1365/599/1880 1366/605/1884 1369/604/1885 1368/603/1882
f 1366/605/1884 527/356/1886 528/357/1887 1369/604/1885
f 1369/604/1888 528/357/1889 105/72/1889 590/71/1890
f 1368/603/1891 1369/604/1888 590/71/1890 589/73/1892
f 1367/602/1893 1368/603/1891 589/73/1892 588/60/1894
f 594/608/1895 1367/602/1893 588/60/1894 111/58/1896
f 595/607/1897 1364/598/1881 1367/602/1883 594/608/1898
f 596/606/1899 1363/597/1877 1364/598/1881 595/607/1897
f 1370/609/1900 1371/612/1900 1374/611/1900 1373/610/1900
f 1371/612/1901 1372/616/1901 1375/615/1902 1374/611/1903
f 1373/610/1904 1374/611/1904 1377/614/1904 1376/613/1904
f 1374/611/1903 1375/615/1902 1378/617/1905 1377/614/1906
f 1372/616/1907 596/606/1899 595/607/1897 1375/615/1902
f 1375/615/1902 595/607/1897 594/608/1898 1378/617/1905
f 1378/617/1908 594/608/1895 111/58/1896 593/624/1909
f 1377/614/1910 1378/617/1908 593/624/1909 592/623/1911
f 1376/613/1912 1377/614/1910 592/623/1911 591/622/1912
f 523/620/1913 1376/613/1913 591/622/1913 103/621/1913
f 522/619/1914 1373/610/1914 1376/613/1914 523/620/1914
f 521/618/1915 1370/609/1915 1373/610/1915 522/619/1915
f 1379/625/1916 1380/628/1917 1383/627/1918 1382/626/1916
f 1380/628/1917 1381/632/1919 1384/631/1920 1383/627/1918
f 1382/626/1921 1383/627/1922 1386/630/1923 1385/629/1921
f 1383/627/1922 1384/631/1924 1387/633/1925 1386/630/1923
f 103/118/1926 591/634/1926 1379/625/1926 470/116/1926
f 591/634/1927 592/639/1928 1380/628/1929 1379/625/1927
f 592/639/1928 593/638/1930 1381/632/1931 1380/628/1929
f 593/638/1930 111/58/1199 599/59/1202 1381/632/1931
f 1381/632/1919 599/59/1224 598/61/1222 1384/631/1920
f 1384/631/1924 598/61/1222 597/62/1223 1387/633/1925
f 1387/633/1932 597/62/1220 94/63/1221 439/637/1933
f 1386/630/1934 1387/633/1932 439/637/1933 440/636/1935
f 1385/629/1936 1386/630/1934 440/636/1935 441/635/1936
f 472/114/1937 1385/629/1937 441/635/1937 86/113/1937
f 471/115/1938 1382/626/1939 1385/629/1940 472/114/1940
f 470/116/1941 1379/625/1941 1382/626/1939 471/115/1938
f 1389/640/1942 1390/643/1942 1388/642/1942 1400/641/1942
f 1391/652/1943 1392/651/1943 1388/642/1943 1390/643/1943
f 1393/650/1944 1394/649/1944 1388/642/1944 1392/651/1944
f 1395/648/1945 1396/647/1945 1388/642/1945 1394/649/1945
f 1397/646/1946 1398/645/1946 1388/642/1946 1396/647/1946
f 1399/644/1947 1400/641/1947 1388/642/1947 1398/645/1947
f 666/653/1948 667/861/1949 1390/643/1950 1389/640/1948
f 435/141/1951 1389/640/1951 1400/641/1951 434/140/1951
f 123/667/1952 430/669/1952 1391/652/1953 668/668/1954
f 430/669/1955 431/666/1955 1392/651/1955 1391/652/1955
f 668/668/1954 1391/652/1953 1390/643/1950 667/861/1949
f 80/83/1956 416/665/1956 1393/650/1956 432/664/1956
f 416/665/1957 415/663/1957 1394/649/1957 1393/650/1957
f 432/664/1958 1393/650/1958 1392/651/1958 431/666/1958
f 91/575/1858 490/662/1861 1395/648/1959 414/661/1960
f 490/662/1961 489/660/1961 1396/647/1961 1395/648/1961
f 414/661/1960 1395/648/1959 1394/649/1962 415/663/1962
f 81/657/1963 669/659/1963 1397/646/1963 488/658/1963
f 669/659/1964 670/656/1964 1398/645/1964 1397/646/1964
f 488/658/1873 1397/646/1965 1396/647/1965 489/660/1875
f 82/137/1267 433/138/1270 1399/644/1966 671/655/1966
f 433/138/1967 434/140/1967 1400/641/1967 1399/644/1967
f 671/655/1968 1399/644/1968 1398/645/1968 670/656/1968
f 1401/670/1969 1402/673/1970 1405/672/1971 1404/671/1972
f 1402/673/1970 1403/677/1973 1406/676/1974 1405/672/1971
f 1404/671/1975 1405/672/1976 1408/675/1977 1407/674/1975
f 1405/672/1976 1406/676/1978 1409/678/1979 1408/675/1977
f 112/238/1980 606/679/1981 1401/670/1982 605/237/1980
f 606/679/1981 607/685/1983 1402/673/1984 1401/670/1982
f 607/685/1983 608/683/1985 1403/677/1986 1402/673/1984
f 608/683/1985 113/684/1987 611/682/1988 1403/677/1986
f 1403/677/1973 611/682/1989 610/681/1990 1406/676/1974
f 1406/676/1978 610/681/1991 609/680/1992 1409/678/1979
f 1409/678/1993 609/680/1994 87/834/1995 475/370/1996
f 1408/675/1997 1409/678/1993 475/370/1996 474/371/1998
f 1407/674/1999 1408/675/1997 474/371/1998 473/372/2000
f 603/235/2001 1407/674/1999 473/372/2000 104/234/2001
f 604/236/2002 1404/671/2002 1407/674/2002 603/235/2002
f 605/237/2003 1401/670/1969 1404/671/1972 604/236/2003
f 1410/686/2004 1411/689/2005 1414/688/2006 1413/687/2007
f 1411/689/2005 1412/693/2008 1415/692/2009 1414/688/2006
f 1413/687/2010 1414/688/2011 1417/691/2012 1416/690/2013
f 1414/688/2011 1415/692/2014 1418/694/2015 1417/691/2012
f 113/684/1987 612/695/2016 1410/686/2017 611/682/1988
f 612/695/2016 613/862/2018 1411/689/2019 1410/686/2017
f 613/862/2018 614/699/2020 1412/693/2021 1411/689/2019
f 614/699/2020 114/700/2022 617/863/2023 1412/693/2021
f 1412/693/2008 617/863/2024 616/697/2025 1415/692/2009
f 1415/692/2014 616/697/2026 615/696/2027 1418/694/2015
f 1418/694/2028 615/696/2029 94/63/2030 499/64/2031
f 1417/691/2032 1418/694/2028 499/64/2031 498/65/2033
f 1416/690/2034 1417/691/2032 498/65/2033 497/66/2035
f 609/680/1994 1416/690/2034 497/66/2035 87/834/1995
f 610/681/1991 1413/687/2010 1416/690/2013 609/680/1992
f 611/682/1989 1410/686/2004 1413/687/2007 610/681/1990
f 1420/702/2036 1421/705/2036 1419/704/2036 1429/703/2036
f 1422/712/2037 1423/711/2038 1419/704/2039 1421/705/2037
f 1424/710/2040 1425/864/2041 1419/704/2039 1423/711/2038
f 1426/708/2042 1427/707/2043 1419/704/2044 1425/864/2045
f 1428/706/2046 1429/703/2046 1419/704/2044 1427/707/2043
f 114/700/2022 503/713/2047 1420/702/2047 617/863/2023
f 503/713/2048 504/714/2048 1421/705/2048 1420/702/2048
f 617/863/2024 1420/702/2049 1429/703/2049 616/697/2025
f 96/486/2050 618/722/2050 1422/712/2051 505/721/2052
f 618/722/2053 619/720/2054 1423/711/2055 1422/712/2053
f 505/721/2052 1422/712/2051 1421/705/2056 504/714/2056
f 115/717/2057 623/719/2057 1424/710/2058 620/718/2059
f 623/719/2060 622/716/2060 1425/864/2041 1424/710/2040
f 620/718/2059 1424/710/2058 1423/711/2055 619/720/2054
f 86/113/2061 441/635/2061 1426/708/2061 621/715/2061
f 441/635/2062 440/636/2063 1427/707/2064 1426/708/2062
f 621/715/2065 1426/708/2042 1425/864/2045 622/716/2065
f 94/63/2030 615/696/2029 1428/706/2066 439/637/2067
f 615/696/2027 616/697/2026 1429/703/2068 1428/706/2068
f 439/637/2067 1428/706/2066 1427/707/2064 440/636/2063
f 1430/723/2069 1431/726/2069 1434/725/2069 1433/724/2069
f 1431/726/2070 1432/730/2070 1435/729/2070 1434/725/2070
f 1433/724/2071 1434/725/2071 1437/728/2071 1436/727/2071
f 1434/725/2072 1435/729/2073 1438/731/2074 1437/728/2072
f 115/717/2075 624/732/2075 1430/723/2075 623/719/2075
f 624/732/2076 625/737/2076 1431/726/2076 1430/723/2076
f 625/737/2077 626/736/2078 1432/730/2079 1431/726/2077
f 626/736/2078 116/527/2080 629/735/2081 1432/730/2079
f 1432/730/2082 629/735/2083 628/734/2084 1435/729/2082
f 1435/729/2073 628/734/2085 627/865/2086 1438/731/2074
f 1438/731/2087 627/865/2087 93/109/2087 496/110/2087
f 1437/728/2088 1438/731/2088 496/110/2088 495/111/2088
f 1436/727/2089 1437/728/2089 495/111/2089 494/112/2089
f 621/715/2090 1436/727/2090 494/112/2090 86/113/2090
f 622/716/2091 1433/724/2091 1436/727/2091 621/715/2091
f 623/719/2092 1430/723/2092 1433/724/2092 622/716/2092
f 1439/738/2093 1440/741/2093 1443/866/2093 1442/739/2093
f 1440/741/2094 1441/745/2095 1444/744/2096 1443/866/2096
f 1442/739/2097 1443/866/2097 1446/743/2097 1445/742/2097
f 1443/866/2098 1444/744/2098 1447/746/2098 1446/743/2098
f 116/527/1756 452/526/1755 1439/738/2099 629/735/2099
f 452/526/1754 453/754/1753 1440/741/2100 1439/738/2100
f 453/754/1752 454/752/1751 1441/745/2095 1440/741/2094
f 454/752/1748 82/753/1747 671/751/2101 1441/745/2101
f 1441/745/2102 671/751/2102 670/750/2102 1444/744/2102
f 1444/744/2103 670/750/2103 669/659/2103 1447/746/2103
f 1447/746/2104 669/659/2104 81/657/2104 438/749/2104
f 1446/743/2105 1447/746/2105 438/749/2105 437/748/2105
f 1445/742/2106 1446/743/2106 437/748/2106 436/747/2106
f 627/865/2107 1445/742/2107 436/747/2107 93/109/2107
f 628/734/2085 1442/739/2108 1445/742/2108 627/865/2086
f 629/735/2083 1439/738/2109 1442/739/2109 628/734/2084
f 1449/755/2110 1450/758/2110 1448/757/2111 1458/756/2112
f 1451/765/2113 1452/764/2113 1448/757/2113 1450/758/2113
f 1453/763/2114 1454/762/2115 1448/757/2116 1452/764/2117
f 1455/761/2118 1456/760/2119 1448/757/2116 1454/762/2115
f 1457/759/2120 1458/756/2112 1448/757/2111 1456/760/2121
f 116/527/2080 626/736/2078 1449/755/2122 645/525/2123
f 626/736/2124 625/737/2125 1450/758/2126 1449/755/2124
f 645/525/2123 1449/755/2122 1458/756/2127 646/524/2128
f 115/769/2129 620/771/2130 1451/765/2131 624/770/2129
f 620/771/2130 619/720/2132 1452/764/2132 1451/765/2131
f 624/770/2133 1451/765/2133 1450/758/2126 625/737/2125
f 96/486/1705 572/487/1708 1453/763/2114 618/722/2134
f 572/487/1708 571/489/1711 1454/762/2115 1453/763/2114
f 618/722/2134 1453/763/2114 1452/764/2117 619/720/2135
f 109/253/1366 569/768/2136 1455/761/2118 570/491/1734
f 569/768/2136 568/767/2137 1456/760/2119 1455/761/2118
f 570/491/1734 1455/761/2118 1454/762/2115 571/489/1711
f 122/522/2138 647/523/2139 1457/759/2140 567/766/2141
f 647/523/2139 646/524/2128 1458/756/2127 1457/759/2140
f 567/766/2142 1457/759/2120 1456/760/2121 568/767/2143
f 1459/772/2144 1460/775/2145 1463/774/2146 1462/773/2146
f 1460/775/2147 1461/779/2148 1464/778/2149 1463/774/2147
f 1462/773/2150 1463/774/2151 1466/777/2152 1465/776/2150
f 1463/774/2151 1464/778/2149 1467/780/2153 1466/777/2152
f 118/457/2154 635/781/2155 1459/772/2156 648/455/2157
f 635/781/2158 634/786/2159 1460/775/2145 1459/772/2144
f 634/786/2160 633/785/2161 1461/779/2162 1460/775/2163
f 633/785/2161 97/258/1378 560/433/2164 1461/779/2162
f 1461/779/2148 560/433/1623 559/857/1625 1464/778/2149
f 1464/778/2149 559/857/1625 558/435/1621 1467/780/2153
f 1467/780/2153 558/435/1621 108/278/1389 557/784/2165
f 1466/777/2166 1467/780/2166 557/784/2167 556/783/2168
f 1465/776/2169 1466/777/2169 556/783/2170 555/782/2171
f 650/453/2172 1465/776/2173 555/782/2174 117/452/2175
f 649/454/2176 1462/773/2177 1465/776/2173 650/453/2172
f 648/455/2157 1459/772/2156 1462/773/2177 649/454/2176
f 1468/787/2178 1469/790/2179 1472/789/2180 1471/788/2181
f 1469/790/2182 1470/794/2183 1473/793/2184 1472/789/2180
f 1471/788/2181 1472/789/2180 1475/792/2185 1474/791/2186
f 1472/789/2180 1473/793/2184 1476/795/2187 1475/792/2185
f 121/406/2188 641/796/2189 1468/787/2190 651/404/2191
f 641/796/2192 640/867/2192 1469/790/2179 1468/787/2178
f 640/867/2193 639/800/2194 1470/794/2183 1469/790/2182
f 639/800/2194 99/283/1515 548/382/1518 1470/794/2183
f 1470/794/2183 548/382/1518 547/383/1534 1473/793/2184
f 1473/793/2184 547/383/1534 546/384/1533 1476/795/2187
f 1476/795/2187 546/384/1533 107/303/1422 545/799/2195
f 1475/792/2185 1476/795/2187 545/799/2195 544/798/2196
f 1474/791/2186 1475/792/2185 544/798/2196 543/797/2197
f 653/402/2198 1474/791/2199 543/797/2200 119/401/2201
f 652/403/2202 1471/788/2203 1474/791/2199 653/402/2198
f 651/404/2191 1468/787/2190 1471/788/2203 652/403/2202
f 1477/802/2204 1478/805/2205 1481/804/2206 1480/803/2207
f 1478/805/2208 1479/809/2209 1482/808/2210 1481/804/2206
f 1480/803/2207 1481/804/2206 1484/807/2211 1483/806/2212
f 1481/804/2206 1482/808/2210 1485/810/2213 1484/807/2211
f 122/522/2138 567/766/2141 1477/802/2214 654/540/2215
f 567/766/2142 568/767/2143 1478/805/2205 1477/802/2204
f 568/767/2137 569/768/2136 1479/809/2209 1478/805/2208
f 569/768/2136 109/253/1366 575/254/1368 1479/809/2209
f 1479/809/2209 575/254/1368 574/256/1379 1482/808/2210
f 1482/808/2210 574/256/1379 573/847/1377 1485/810/2213
f 1485/810/2213 573/847/1377 97/258/1378 633/785/2161
f 1484/807/2216 1485/810/2213 633/785/2161 634/786/2160
f 1483/806/2217 1484/807/2217 634/786/2159 635/781/2158
f 656/538/2218 1483/806/2219 635/781/2155 118/457/2154
f 655/539/2220 1480/803/2221 1483/806/2219 656/538/2218
f 654/540/2215 1477/802/2214 1480/803/2221 655/539/2220
f 1486/811/2222 1487/814/2222 1490/868/2223 1489/812/2224
f 1487/814/2225 1488/818/2226 1491/869/2227 1490/868/2228
f 1489/812/2224 1490/868/2223 1493/816/2229 1492/815/2230
f 1490/868/2223 1491/869/2231 1494/819/2232 1493/816/2229
f 117/452/2175 555/782/2174 1486/811/2233 657/470/2234
f 555/782/2171 556/783/2170 1487/814/2235 1486/811/2235
f 556/783/2168 557/784/2167 1488/818/2226 1487/814/2225
f 557/784/2165 108/278/1389 563/279/1391 1488/818/2226
f 1488/818/2226 563/279/1391 562/849/1412 1491/869/2227
f 1491/869/2231 562/849/1410 561/282/1411 1494/819/2232
f 1494/819/2236 561/282/1408 99/283/1409 639/800/2237
f 1493/816/2238 1494/819/2236 639/800/2237 640/867/2239
f 1492/815/2240 1493/816/2238 640/867/2239 641/796/2240
f 659/468/2241 1492/815/2242 641/796/2189 121/406/2188
f 658/859/2243 1489/812/2244 1492/815/2242 659/468/2241
f 657/470/2234 1486/811/2233 1489/812/2244 658/859/2243
f 1495/820/2245 1496/823/2246 1499/822/2247 1498/821/2248
f 1496/823/2246 1497/827/2249 1500/826/2250 1499/822/2247
f 1498/821/2248 1499/822/2247 1502/825/2251 1501/824/2252
f 1499/822/2247 1500/826/2250 1503/828/2253 1502/825/2251
f 119/401/2201 543/797/2200 1495/820/2254 660/423/2255
f 543/797/2197 544/798/2196 1496/823/2246 1495/820/2245
f 544/798/2196 545/799/2195 1497/827/2249 1496/823/2246
f 545/799/2195 107/303/1422 551/304/1424 1497/827/2249
f 1497/827/2249 551/304/1424 550/852/1435 1500/826/2250
f 1500/826/2250 550/852/1435 549/307/1434 1503/828/2253
f 1503/828/2253 549/307/1434 101/308/289 368/831/1139
f 1502/825/2251 1503/828/2253 368/831/1139 369/830/1138
f 1501/824/2252 1502/825/2251 369/830/1138 370/829/1137
f 662/421/2256 1501/824/2257 370/829/1135 120/420/1135
f 661/856/2258 1498/821/2259 1501/824/2257 662/421/2256
f 660/423/2255 1495/820/2254 1498/821/2259 661/856/2258
f 1534/870/2260 1535/871/2260 1370/609/2260 521/618/2260
f 1605/872/2261 1606/873/2262 1609/874/2263 399/654/2264 400/668/2261
f 1672/871/2265 1671/870/2265 250/618/2265 950/609/2265
f 1587/875/2266 1588/876/2266 1589/877/2266 1131/123/2266 1130/120/2266
f 1610/878/2267 1611/879/2267 1613/880/2267 398/653/2267
f 1628/881/2268 1629/882/2268 1631/883/2268 146/12/2268 673/1/2268
f 1580/881/2269 1581/884/2269 1583/885/2269 1086/4/2269 1085/1/2269
f 1583/885/2270 1582/886/2270 1584/887/2270 1087/832/2270 1086/4/2270
f 1649/888/2271 1648/889/2271 1668/890/2271 814/350/334 816/353/336
f 1625/885/2272 1626/884/2272 1628/881/2272 673/1/2272 682/4/2272
f 1512/891/2273 1513/892/2273 1514/893/2273 430/669/2273 123/667/2273
f 1540/894/2274 1541/895/2275 1542/896/2276 1363/597/2277 596/606/2278
f 1622/897/2279 1623/887/2279 681/11/2279 143/26/2279
f 1623/887/2280 1624/898/2280 1625/885/2280 682/4/2280 681/11/2280
f 1652/899/2281 1651/900/2281 1669/901/2281 265/345/2281 808/339/2281
f 1535/871/2282 1536/902/2282 1539/903/2282 1371/612/2282 1370/609/2282
f 1578/883/2283 1579/904/2283 1580/881/2283 1085/1/2283 423/12/2283
f 1548/890/2284 1549/905/2284 1550/906/2284 1235/353/1468 1234/350/1467
f 1557/907/2285 1555/908/2285 1230/344/2285 1229/342/2285
f 1574/909/2286 1575/910/2287 1576/911/2287 1098/37/2287 1097/30/2288
f 1546/912/2289 1547/913/2290 527/356/1886 1366/605/1884
f 1592/914/2291 1593/915/2291 1594/916/2291 435/141/2291 1132/130/2291
f 1555/908/2292 1558/843/2292 451/211/2292 1230/344/2292
f 1609/874/2263 1607/917/2293 1608/918/2293 1610/878/2293 398/653/2293 399/654/2264
f 1537/919/2294 1540/894/2274 596/606/2278 1372/616/2294
f 1508/874/2295 1509/873/2296 1510/872/2297 668/668/2297 667/861/2298
f 1518/920/2299 1519/921/2299 407/85/2299 80/83/2299 432/664/2299
f 1602/893/2300 1601/892/2300 1604/891/2300 74/667/2300 151/669/2300
f 1663/601/2301 1662/896/2302 943/597/2303
f 1530/94/2304 1531/922/2304 429/93/2304
f 1533/558/2305 1534/923/2305 521/556/2305 1338/548/2305
f 1598/924/2306 1596/925/2306 1602/893/2306 151/669/2306 152/666/2306
f 1516/926/2307 1517/927/2307 1518/920/2307 432/664/2307 431/666/2307
f 1539/903/2308 1538/928/2308 1537/919/2308 1372/616/2308 1371/612/2308
f 1565/929/2309 1566/930/2310 1567/931/2310 1569/931/2310 139/38/2310 684/27/2311
f 1552/932/2312 1553/901/2312 536/345/2312 1236/355/2312
f 1653/843/2313 1650/908/2313 812/344/2313 174/211/2313
f 1640/909/2314 1639/933/2315 1563/934/2315 1564/935/2315 1565/929/2309 684/27/2311 693/30/2316
f 1562/844/2317 1561/936/2317 1180/842/2317
f 1666/912/2318 1665/937/2319 1664/600/754 946/599/753 948/605/759
f 1631/883/2320 1632/938/2320 1637/911/2320 692/37/2320 146/12/2320
f 1617/914/2321 1615/939/2321 1616/940/2321 1618/877/2321 727/123/2321 726/130/2321
f 1505/878/2322 1506/918/2322 1507/917/2322 1508/874/2295 667/861/2298 666/653/2322
f 1674/903/2323 1673/902/2323 1672/871/2323 950/609/2323 953/612/2323
f 1542/896/2276 1543/601/2324 1363/597/2277
f 1576/911/2325 1577/938/2325 1578/883/2325 423/12/2325 1098/37/2325
f 1544/600/1879 1545/941/2326 1546/912/2289 1366/605/1884 1365/599/1880
f 1618/877/2327 1619/876/2327 1620/875/2327 718/120/2327 727/123/2327
f 1595/880/2328 1504/879/2328 1505/878/2328 666/653/2328
f 1657/922/2329 1656/94/2329 150/93/2329
f 1550/906/2330 1551/942/2330 1552/932/2330 1236/355/1471 1235/353/1470
f 1600/943/2331 1597/927/2331 1598/924/2331 152/666/2331 153/664/2331
f 1613/880/2332 1612/916/2332 157/141/2332 969/640/2332 398/653/2332
f 1584/887/2333 1585/897/2333 420/26/2333 1087/832/2333
f 1570/929/2334 1571/935/2335 1572/934/2335 1573/933/2335 1574/909/2286 1097/30/2288 1096/27/2336
f 1556/944/2337 1557/907/2337 1229/342/2337 1228/339/2337
f 1637/911/2338 1636/910/2338 1640/909/2314 693/30/2316 692/37/2338
f 1514/893/2339 1515/945/2339 1516/926/2339 431/666/2339 430/669/2339
f 1510/872/2297 1511/946/2340 1512/891/2340 123/667/2340 668/668/2297
f 1594/916/2341 1595/880/2341 666/653/2341 1389/640/2341 435/141/2341
f 1569/931/2342 1568/930/2342 1570/929/2334 1096/27/2336 139/38/2342
f 1599/947/2343 1600/943/2343 153/664/2343 34/83/2343 127/85/2343
f 1604/891/2344 1603/946/2344 1605/872/2261 400/668/2261 74/667/2344
f 1671/923/2345 1670/558/2345 922/548/2345 250/556/2345
f 1547/913/2346 1548/890/2346 1234/350/1482 527/356/1481
f 1585/897/2347 1586/948/2347 1587/875/2347 1130/120/2347 420/26/2347
f 1612/916/2348 1614/915/2348 1617/914/2348 726/130/2348 157/141/2348
f 1620/875/2349 1621/948/2349 1622/897/2349 143/26/2349 718/120/2349
f 1662/896/2302 1660/895/2350 1661/894/2351 325/606/2352 943/597/2303
f 1553/901/2353 1554/949/2353 1556/944/2353 1228/339/2353 536/345/2353
f 1668/890/2354 1667/913/2354 256/356/341 814/350/343
f 1519/921/2355 1520/950/2355 1521/89/2355 407/85/2355
f 1667/913/2356 1666/912/2318 948/605/759 256/356/773
f 1589/877/2357 1590/940/2357 1591/939/2357 1592/914/2357 1132/130/2357 1131/123/2357
l 1 12
l 13 14
l 4 15
l 6 7
l 1 9
l 29 1627
l 4 18
l 19 20
l 22 23
l 6 24
l 148 729
l 424 1115
l 424 425
l 449 1140
l 1559 1560
l 449 1156
l 1659 1674
l 2 13
l 14 15
l 7 8
l 20 29
l 2 23
l 140 694
l 140 704
l 729 730
l 425 1142
l 1560 1561
l 8 9
l 24 25
l 1633 1634
l 1141 1143
l 426 1142
l 25 26
l 1634 1638
l 417 1116
l 1154 1155
l 1627 1630
l 27 28
l 1142 1143
l 427 1144
l 1155 1156
l 10 11
l 16 17
l 1635 1638
l 1143 1144
l 16 1635
l 28 1573
l 11 12
l 5 26
l 5 27
l 728 729
l 1144 1559
l 3 10
l 3 17
l 18 19
l 21 22
l 1630 1633
l 1140 1141
l 1174 1175
l 21 1624
